CNYRUB_TOM;D;20210401;000000;11.5235000;11.6300000;11.4966000;11.6060000
CNYRUB_TOM;D;20210402;000000;11.9399000;11.9399000;11.5001000;11.6400000
CNYRUB_TOM;D;20210405;000000;11.3501000;11.9299000;11.3501000;11.6534000
CNYRUB_TOM;D;20210406;000000;11.6479000;11.8181000;11.6320000;11.8020000
CNYRUB_TOM;D;20210407;000000;11.7101000;11.9243000;11.7101000;11.7500000
CNYRUB_TOM;D;20210408;000000;11.7485000;11.7992000;11.6871000;11.7235000
CNYRUB_TOM;D;20210409;000000;11.7210000;11.8144000;11.7210000;11.7935000
CNYRUB_TOM;D;20210412;000000;11.8324000;11.8548000;11.7721000;11.8120000
CNYRUB_TOM;D;20210413;000000;11.7001000;11.8279000;11.5900000;11.6155000
CNYRUB_TOM;D;20210414;000000;11.6094000;11.6350000;11.5356000;11.6080000
CNYRUB_TOM;D;20210415;000000;11.6300000;11.8600000;11.6300000;11.7000000
CNYRUB_TOM;D;20210416;000000;11.6711000;11.7149000;11.5494000;11.6110000
CNYRUB_TOM;D;20210419;000000;11.9400000;11.9400000;11.6305000;11.7269000
CNYRUB_TOM;D;20210420;000000;11.7395000;11.8538000;11.7000000;11.8145000
CNYRUB_TOM;D;20210421;000000;11.8381000;11.8602000;11.7530000;11.7960000
CNYRUB_TOM;D;20210422;000000;11.8080000;11.8380000;11.5975000;11.6160000
CNYRUB_TOM;D;20210423;000000;11.6311000;11.6381000;11.5137000;11.5600000
CNYRUB_TOM;D;20210426;000000;11.8449000;11.8449000;11.5141000;11.5900000
CNYRUB_TOM;D;20210427;000000;11.5676000;11.5982000;11.5416000;11.5660000
CNYRUB_TOM;D;20210428;000000;11.5624000;11.5709000;11.4900000;11.4950000
CNYRUB_TOM;D;20210429;000000;11.4999000;11.5664000;11.4836000;11.5435000
CNYRUB_TOM;D;20210430;000000;11.5899000;11.6310000;11.5001000;11.6200000
CNYRUB_TOM;D;20210504;000000;11.5300000;11.6300000;11.5271000;11.5540000
CNYRUB_TOM;D;20210505;000000;11.5286000;11.5525000;11.4992000;11.5415000
CNYRUB_TOM;D;20210506;000000;11.5594000;11.5634000;11.4761000;11.4844000
CNYRUB_TOM;D;20210507;000000;11.5029000;11.5242000;11.4600000;11.5015000
CNYRUB_TOM;D;20210510;000000;11.4800000;11.5760000;11.4500000;11.5741000
CNYRUB_TOM;D;20210511;000000;11.5799000;11.5829000;11.5041000;11.5284000
CNYRUB_TOM;D;20210512;000000;11.5251000;11.5679000;11.4861000;11.5600000
CNYRUB_TOM;D;20210513;000000;11.5480000;11.5499000;11.4551000;11.4850000
CNYRUB_TOM;D;20210514;000000;11.5004000;11.5119000;11.4580000;11.4909000
CNYRUB_TOM;D;20210517;000000;11.4974000;11.5035000;11.4460000;11.4600000
CNYRUB_TOM;D;20210518;000000;11.4769000;11.5050000;11.4580000;11.4640000
CNYRUB_TOM;D;20210519;000000;11.4744000;11.4856000;11.4397000;11.4600000
CNYRUB_TOM;D;20210520;000000;11.4709000;11.4709000;11.4201000;11.4380000
CNYRUB_TOM;D;20210521;000000;11.4238000;11.4499000;11.4082000;11.4418000
CNYRUB_TOM;D;20210524;000000;11.4426000;11.5014000;11.4300000;11.4680000
CNYRUB_TOM;D;20210525;000000;11.4734000;11.4860000;11.4400000;11.4679000
CNYRUB_TOM;D;20210526;000000;11.5000000;11.5497000;11.4775000;11.5135000
CNYRUB_TOM;D;20210527;000000;11.5290000;11.5490000;11.5060000;11.5350000
CNYRUB_TOM;D;20210528;000000;11.5699000;11.5700000;11.4801000;11.5040000
CNYRUB_TOM;D;20210531;000000;11.4601000;11.5430000;11.4601000;11.5161000
CNYRUB_TOM;D;20210601;000000;11.5176000;11.5420000;11.4756000;11.5130000
CNYRUB_TOM;D;20210602;000000;11.5206000;11.5380000;11.4600000;11.4610000
CNYRUB_TOM;D;20210603;000000;11.4500000;11.4775000;11.4350000;11.4480000
CNYRUB_TOM;D;20210604;000000;11.4460000;11.4989000;11.3880000;11.4005000
CNYRUB_TOM;D;20210607;000000;11.3880000;11.4192000;11.3800000;11.4100000
CNYRUB_TOM;D;20210608;000000;11.6833000;11.6833000;11.1238000;11.3040000
CNYRUB_TOM;D;20210609;000000;11.3040000;11.3300000;11.2666000;11.3280000
CNYRUB_TOM;D;20210610;000000;11.3649000;11.3649000;11.2260000;11.2400000
CNYRUB_TOM;D;20210611;000000;11.2515000;11.2959000;11.2000000;11.2800000
CNYRUB_TOM;D;20210614;000000;11.5197000;11.5197000;11.2400000;11.2605000
CNYRUB_TOM;D;20210615;000000;11.2999000;11.2999000;11.2047000;11.2740000
CNYRUB_TOM;D;20210616;000000;11.4916000;11.4916000;11.2100000;11.2850000
CNYRUB_TOM;D;20210617;000000;11.2839000;11.3065000;11.1831000;11.2000000
CNYRUB_TOM;D;20210618;000000;11.2234000;11.2879000;11.1857000;11.2600000
CNYRUB_TOM;D;20210621;000000;11.2151000;11.3219000;11.2151000;11.3200000
CNYRUB_TOM;D;20210622;000000;11.2881000;11.3065000;11.2411000;11.2435000
CNYRUB_TOM;D;20210623;000000;11.2379000;11.2444000;11.1773000;11.2190000
CNYRUB_TOM;D;20210624;000000;11.2055000;11.2145000;11.1456000;11.1740000
CNYRUB_TOM;D;20210625;000000;11.1826000;11.1900000;11.1616000;11.1844000
CNYRUB_TOM;D;20210628;000000;11.1759000;11.1849000;11.1616000;11.1617000
CNYRUB_TOM;D;20210629;000000;11.1721000;11.2799000;11.1721000;11.2700000
CNYRUB_TOM;D;20210630;000000;11.0625000;11.3306000;11.0625000;11.3259000
CNYRUB_TOM;D;20210701;000000;11.3090000;11.3619000;11.2637000;11.3485000
CNYRUB_TOM;D;20210702;000000;11.3001000;11.3799000;11.3000000;11.3155000
CNYRUB_TOM;D;20210705;000000;11.3414000;11.3845000;11.3350000;11.3670000
CNYRUB_TOM;D;20210706;000000;11.3589000;11.5310000;11.3218000;11.4930000
CNYRUB_TOM;D;20210707;000000;11.4944000;11.5650000;11.4390000;11.5420000
CNYRUB_TOM;D;20210708;000000;11.5165000;11.6114000;11.4860000;11.5151000
CNYRUB_TOM;D;20210709;000000;11.5149000;11.5229000;11.4378000;11.4750000
CNYRUB_TOM;D;20210712;000000;11.2427000;11.5470000;11.2427000;11.4925000
CNYRUB_TOM;D;20210713;000000;11.4841000;11.4928000;11.4273000;11.4685000
CNYRUB_TOM;D;20210714;000000;11.4375000;11.7186000;11.4272000;11.4741000
CNYRUB_TOM;D;20210715;000000;11.4790000;11.5199000;11.4668000;11.5157000
CNYRUB_TOM;D;20210716;000000;11.5039000;11.5039000;11.4171000;11.4400000
CNYRUB_TOM;D;20210719;000000;11.4479000;11.5158000;11.4396000;11.5000000
CNYRUB_TOM;D;20210720;000000;11.5029000;11.5100000;11.4541000;11.4675000
CNYRUB_TOM;D;20210721;000000;11.4781000;11.5103000;11.4336000;11.4480000
CNYRUB_TOM;D;20210722;000000;11.4321000;11.4494000;11.3741000;11.3845000
CNYRUB_TOM;D;20210723;000000;11.3874000;11.4020000;11.3470000;11.3940000
CNYRUB_TOM;D;20210726;000000;11.3781000;11.4495000;11.3555000;11.3640000
CNYRUB_TOM;D;20210727;000000;11.3746000;11.3939000;11.2900000;11.2980000
CNYRUB_TOM;D;20210728;000000;11.3139000;11.3520000;11.2849000;11.3360000
CNYRUB_TOM;D;20210729;000000;11.3470000;11.3530000;11.3051000;11.3230000
CNYRUB_TOM;D;20210730;000000;11.3280000;11.3620000;11.2550000;11.3086000
CNYRUB_TOM;D;20210802;000000;11.3221000;11.3274000;11.2500000;11.2960000
CNYRUB_TOM;D;20210803;000000;11.3059000;11.3200000;11.2650000;11.2830000
CNYRUB_TOM;D;20210804;000000;11.2904000;11.3400000;11.2655000;11.3325000
CNYRUB_TOM;D;20210805;000000;11.3075000;11.3423000;11.3071000;11.3100000
CNYRUB_TOM;D;20210806;000000;11.3141000;11.3400000;11.2965000;11.3400000
CNYRUB_TOM;D;20210809;000000;11.3561000;11.3664000;11.3300000;11.3641000
CNYRUB_TOM;D;20210810;000000;11.3639000;11.4149000;11.3445000;11.3923000
CNYRUB_TOM;D;20210811;000000;11.3941000;11.4260000;11.3241000;11.3241000
CNYRUB_TOM;D;20210812;000000;11.3314000;11.3757000;11.3280000;11.3650000
CNYRUB_TOM;D;20210813;000000;11.3586000;11.3719000;11.2950000;11.3049000
CNYRUB_TOM;D;20210816;000000;11.3182000;11.3459000;11.3100000;11.3100000
CNYRUB_TOM;D;20210817;000000;11.3199000;11.3440000;11.3140000;11.3440000
CNYRUB_TOM;D;20210818;000000;11.3389000;11.3900000;11.3140000;11.3885000
CNYRUB_TOM;D;20210819;000000;11.3874000;11.4400000;11.3696000;11.4180000
CNYRUB_TOM;D;20210820;000000;11.4019000;11.4673000;11.3900000;11.4301000
CNYRUB_TOM;D;20210823;000000;11.4121000;11.4500000;11.3849000;11.4494000
CNYRUB_TOM;D;20210824;000000;11.4325000;11.4325000;11.3900000;11.3940000
CNYRUB_TOM;D;20210825;000000;11.3921000;11.4489000;11.3814000;11.4350000
CNYRUB_TOM;D;20210826;000000;11.4151000;11.4904000;11.4103000;11.4480000
CNYRUB_TOM;D;20210827;000000;11.4524000;11.4524000;11.3790000;11.3894000
CNYRUB_TOM;D;20210830;000000;11.3669000;11.3962000;11.3600000;11.3720000
CNYRUB_TOM;D;20210831;000000;11.3650000;11.3739000;11.3380000;11.3451000
CNYRUB_TOM;D;20210901;000000;11.3514000;11.3514000;11.2916000;11.3150000
CNYRUB_TOM;D;20210902;000000;11.3159000;11.3209000;11.2750000;11.3110000
CNYRUB_TOM;D;20210903;000000;11.2994000;11.3230000;11.2756000;11.3030000
CNYRUB_TOM;D;20210906;000000;11.2921000;11.3279000;11.2921000;11.3220000
CNYRUB_TOM;D;20210907;000000;11.3144000;11.3539000;11.3050000;11.3475000
CNYRUB_TOM;D;20210908;000000;11.3609000;11.3865000;11.3300000;11.3300000
CNYRUB_TOM;D;20210909;000000;11.3379000;11.3454000;11.2920000;11.3160000
CNYRUB_TOM;D;20210910;000000;11.3109000;11.3660000;11.3020000;11.3650000
CNYRUB_TOM;D;20210913;000000;11.3320000;11.3514000;11.2800000;11.2800000
CNYRUB_TOM;D;20210914;000000;11.2750000;11.3400000;11.2700000;11.3300000
CNYRUB_TOM;D;20210915;000000;11.3229000;11.3456000;11.2420000;11.2500000
CNYRUB_TOM;D;20210916;000000;11.2459000;11.2669000;11.2272000;11.2400000
CNYRUB_TOM;D;20210917;000000;11.2650000;11.2800000;11.2201000;11.2615000
CNYRUB_TOM;D;20210920;000000;11.2675000;11.3570000;11.2656000;11.3315000
CNYRUB_TOM;D;20210921;000000;11.3300000;11.3305000;11.2592000;11.2799000
CNYRUB_TOM;D;20210922;000000;11.2600000;11.3000000;11.2450000;11.3000000
CNYRUB_TOM;D;20210923;000000;11.2350000;11.2817000;11.2350000;11.2700000
CNYRUB_TOM;D;20210924;000000;11.5173000;11.5173000;11.2550000;11.2550000
CNYRUB_TOM;D;20210927;000000;11.1957000;11.2575000;11.1957000;11.2355000
CNYRUB_TOM;D;20210928;000000;11.2218000;11.2900000;11.2120000;11.2580000
CNYRUB_TOM;D;20210929;000000;11.2618000;11.2750000;11.2380000;11.2575000
CNYRUB_TOM;D;20210930;000000;11.2635000;11.3095000;11.2400000;11.2980000
CNYRUB_TOM;D;20211001;000000;11.3059000;11.3850000;11.2941000;11.3225000
CNYRUB_TOM;D;20211004;000000;11.3000000;11.3229000;11.2400000;11.2545000
CNYRUB_TOM;D;20211005;000000;11.2629000;11.2820000;11.2200000;11.2235000
CNYRUB_TOM;D;20211006;000000;11.2370000;11.2520000;11.2000000;11.2275000
CNYRUB_TOM;D;20211007;000000;11.2240000;11.2300000;11.1160000;11.1210000
CNYRUB_TOM;D;20211008;000000;11.1324000;11.1704000;11.1175000;11.1535000
CNYRUB_TOM;D;20211011;000000;11.1500000;11.1539000;11.1000000;11.1148000
CNYRUB_TOM;D;20211012;000000;11.1292000;11.1589000;11.1150000;11.1350000
CNYRUB_TOM;D;20211013;000000;11.1390000;11.2205000;11.1325000;11.1985000
CNYRUB_TOM;D;20211014;000000;11.1736000;11.1899000;11.0824000;11.0950000
CNYRUB_TOM;D;20211015;000000;11.0863000;11.1091000;11.0225000;11.0445000
CNYRUB_TOM;D;20211018;000000;11.0397000;11.1006000;11.0320000;11.0935000
CNYRUB_TOM;D;20211019;000000;11.0989000;11.1325000;11.0668000;11.1185000
CNYRUB_TOM;D;20211020;000000;11.1047000;11.1301000;11.0750000;11.0802000
CNYRUB_TOM;D;20211021;000000;11.1008000;11.1500000;11.0925000;11.1205000
CNYRUB_TOM;D;20211022;000000;11.1147000;11.1259000;10.9699000;11.0110000
CNYRUB_TOM;D;20211025;000000;11.0168000;11.0571000;10.9258000;10.9330000
CNYRUB_TOM;D;20211026;000000;10.9127000;10.9377000;10.8590000;10.9065000
CNYRUB_TOM;D;20211027;000000;10.8942000;11.0529000;10.8839000;11.0425000
CNYRUB_TOM;D;20211028;000000;11.0494000;11.0645000;10.9650000;10.9905000
CNYRUB_TOM;D;20211029;000000;10.9984000;11.0809000;10.9895000;11.0680000
CNYRUB_TOM;D;20211101;000000;10.8458000;11.1989000;10.8458000;11.1940000
CNYRUB_TOM;D;20211102;000000;11.1816000;11.2600000;11.1650000;11.1769000
CNYRUB_TOM;D;20211103;000000;11.3583000;11.4100000;11.1253000;11.3800000
CNYRUB_TOM;D;20211105;000000;11.4799000;11.4799000;11.1000000;11.1485000
CNYRUB_TOM;D;20211108;000000;11.1430000;11.1812000;11.1267000;11.1560000
CNYRUB_TOM;D;20211109;000000;11.1559000;11.1604000;11.0631000;11.0756000
CNYRUB_TOM;D;20211110;000000;11.0914000;11.1470000;11.0333000;11.1345000
CNYRUB_TOM;D;20211111;000000;11.1505000;11.2300000;11.0912000;11.2000000
CNYRUB_TOM;D;20211112;000000;11.3180000;11.4800000;11.1956000;11.3500000
CNYRUB_TOM;D;20211115;000000;11.3844000;11.4220000;11.2966000;11.3665000
CNYRUB_TOM;D;20211116;000000;11.3769000;11.4900000;11.3606000;11.4450000
CNYRUB_TOM;D;20211117;000000;11.1840000;11.5145000;11.1840000;11.3885000
CNYRUB_TOM;D;20211118;000000;11.3994000;11.4836000;11.3660000;11.4510000
CNYRUB_TOM;D;20211119;000000;11.4410000;11.5160000;11.3936000;11.4990000
CNYRUB_TOM;D;20211122;000000;11.4775000;11.7562000;11.4700000;11.6903000
CNYRUB_TOM;D;20211123;000000;11.7390000;11.7770000;11.5970000;11.6275000
CNYRUB_TOM;D;20211124;000000;11.6261000;11.7275000;11.5995000;11.7160000
CNYRUB_TOM;D;20211125;000000;11.7999000;11.7999000;11.6621000;11.6906000
CNYRUB_TOM;D;20211126;000000;11.7660000;11.8678000;11.7565000;11.8105000
CNYRUB_TOM;D;20211129;000000;11.7150000;11.7840000;11.6290000;11.6875000
CNYRUB_TOM;D;20211130;000000;11.6706000;11.7814000;11.6240000;11.6395000
CNYRUB_TOM;D;20211201;000000;11.6185000;11.7851000;11.5775000;11.6550000
CNYRUB_TOM;D;20211202;000000;11.6444000;11.6559000;11.5366000;11.5700000
CNYRUB_TOM;D;20211203;000000;11.5824000;11.6024000;11.5200000;11.5900000
CNYRUB_TOM;D;20211206;000000;11.5724000;11.6700000;11.5301000;11.6625000
CNYRUB_TOM;D;20211207;000000;11.9200000;11.9200000;11.5558000;11.6400000
CNYRUB_TOM;D;20211208;000000;11.6349000;11.6562000;11.5876000;11.5876000
CNYRUB_TOM;D;20211209;000000;11.6049000;11.7500000;11.5247000;11.5600000
CNYRUB_TOM;D;20211210;000000;11.5849000;11.5880000;11.4980000;11.5000000
CNYRUB_TOM;D;20211213;000000;11.5299000;11.5649000;11.5060000;11.5375000
CNYRUB_TOM;D;20211214;000000;11.5499000;11.5974000;11.5254000;11.5750000
CNYRUB_TOM;D;20211215;000000;11.5926000;11.6590000;11.5610000;11.5700000
CNYRUB_TOM;D;20211216;000000;11.5649000;11.5800000;11.5100000;11.5650000
CNYRUB_TOM;D;20211217;000000;11.5651000;11.6349000;11.5100000;11.6100000
CNYRUB_TOM;D;20211220;000000;11.5501000;11.7850000;11.5501000;11.6175000
CNYRUB_TOM;D;20211221;000000;11.6149000;11.6199000;11.5600000;11.6000000
CNYRUB_TOM;D;20211222;000000;11.6151000;11.6199000;11.5356000;11.5650000
CNYRUB_TOM;D;20211223;000000;11.5599000;11.5599000;11.4870000;11.5100000
CNYRUB_TOM;D;20211224;000000;11.5124000;11.5724000;11.4763000;11.5600000
CNYRUB_TOM;D;20211227;000000;11.5449000;11.5512000;11.4700000;11.5200000
CNYRUB_TOM;D;20211228;000000;11.5176000;11.5919000;11.5119000;11.5675000
CNYRUB_TOM;D;20211229;000000;11.5824000;11.6449000;11.5470000;11.6325000
CNYRUB_TOM;D;20211230;000000;11.8200000;11.8200000;11.6325000;11.7175000
CNYRUB_TOM;D;20220103;000000;11.7725000;11.8200000;11.6500000;11.6850000
CNYRUB_TOM;D;20220104;000000;11.6950000;11.8450000;11.6850000;11.8150000
CNYRUB_TOM;D;20220105;000000;12.2180000;12.2180000;11.8172000;12.0325000
CNYRUB_TOM;D;20220106;000000;12.0450000;12.2100000;11.8700000;11.9350000
CNYRUB_TOM;D;20220107;000000;11.9225000;11.9651000;11.7601000;11.8375000
CNYRUB_TOM;D;20220110;000000;11.8250000;11.8443000;11.7291000;11.7750000
CNYRUB_TOM;D;20220111;000000;11.7474000;11.7556000;11.6725000;11.6725000
CNYRUB_TOM;D;20220112;000000;11.6924000;11.7724000;11.6640000;11.7502000
CNYRUB_TOM;D;20220113;000000;11.7349000;12.0260000;11.7054000;12.0000000
CNYRUB_TOM;D;20220114;000000;12.0000000;12.1500000;11.6387000;11.9950000
CNYRUB_TOM;D;20220117;000000;12.0074000;12.0825000;11.9100000;11.9925000
CNYRUB_TOM;D;20220118;000000;12.0174000;12.1075000;11.9801000;12.1075000
CNYRUB_TOM;D;20220119;000000;12.1201000;12.1413000;11.9475000;12.0000000
CNYRUB_TOM;D;20220120;000000;12.0049000;12.0999000;11.9826000;12.0725000
CNYRUB_TOM;D;20220121;000000;12.1174000;12.2274000;12.0250000;12.2125000
CNYRUB_TOM;D;20220124;000000;12.1726000;12.5534000;12.1471000;12.4400000
CNYRUB_TOM;D;20220125;000000;12.8359000;12.8390000;12.2680000;12.4225000
CNYRUB_TOM;D;20220126;000000;12.4499000;12.6924000;12.4174000;12.5555000
CNYRUB_TOM;D;20220127;000000;12.5450000;12.5608000;12.1600000;12.2650000
CNYRUB_TOM;D;20220128;000000;12.2725000;12.3199000;12.1763000;12.2375000
CNYRUB_TOM;D;20220131;000000;12.2124000;12.2124000;12.1008000;12.1675000
CNYRUB_TOM;D;20220201;000000;12.1200000;12.1550000;12.0100000;12.0725000
CNYRUB_TOM;D;20220202;000000;12.0475000;12.0599000;11.9076000;11.9700000
CNYRUB_TOM;D;20220203;000000;11.9974000;12.0949000;11.9860000;12.0400000
CNYRUB_TOM;D;20220204;000000;12.2899000;12.2899000;11.9000000;11.9200000
CNYRUB_TOM;D;20220207;000000;11.9649000;11.9649000;11.8481000;11.8725000
CNYRUB_TOM;D;20220208;000000;11.8799000;11.8799000;11.7700000;11.7850000
CNYRUB_TOM;D;20220209;000000;11.8049000;11.8049000;11.7076000;11.7400000
CNYRUB_TOM;D;20220210;000000;11.7624000;11.7949000;11.6876000;11.7800000
CNYRUB_TOM;D;20220211;000000;11.8076000;12.1825000;11.7600000;12.1150000
CNYRUB_TOM;D;20220214;000000;12.1999000;12.3421000;11.9500000;12.0850000
CNYRUB_TOM;D;20220215;000000;12.0151000;12.0875000;11.8480000;11.9125000
CNYRUB_TOM;D;20220216;000000;11.8651000;11.9000000;11.8083000;11.8824000
CNYRUB_TOM;D;20220217;000000;11.9450000;12.1081000;11.9300000;12.0650000
CNYRUB_TOM;D;20220218;000000;11.9876000;12.2449000;11.9626000;12.2250000
CNYRUB_TOM;D;20220221;000000;12.4297000;12.6615000;12.0550000;12.6175000
CNYRUB_TOM;D;20220222;000000;12.5001000;12.7683000;12.4151000;12.4450000
CNYRUB_TOM;D;20220223;000000;12.4624000;12.8974000;12.4201000;12.8225000
CNYRUB_TOM;D;20220224;000000;12.9900000;15.3373000;12.9000000;15.3373000
CNYRUB_TOM;D;20220225;000000;13.7500000;16.1999000;12.5000000;13.6071000
CNYRUB_TOM;D;20220228;000000;14.3999000;17.4705000;14.3999000;16.5010000
CNYRUB_TOM;D;20220301;000000;16.7000000;17.5000000;14.5500000;16.7000000
CNYRUB_TOM;D;20220302;000000;17.7725000;17.9330000;15.7725000;17.5200000
CNYRUB_TOM;D;20220303;000000;18.9199000;19.1374000;16.9870000;19.0000000
CNYRUB_TOM;D;20220304;000000;19.0000000;20.5000000;18.5069000;20.0200000
CNYRUB_TOM;D;20220309;000000;21.3500000;23.0126000;20.1500000;21.3999000
CNYRUB_TOM;D;20220310;000000;22.0000000;22.2899000;19.5965000;20.1318000
CNYRUB_TOM;D;20220311;000000;20.9000000;20.9169000;18.4594000;18.9200000
CNYRUB_TOM;D;20220314;000000;20.0000000;20.0000000;17.4278000;17.9000000
CNYRUB_TOM;D;20220315;000000;19.1853000;19.1853000;17.0100000;17.7550000
CNYRUB_TOM;D;20220316;000000;17.7000000;18.4399000;16.9001000;17.8500000
CNYRUB_TOM;D;20220317;000000;17.8500000;18.0000000;16.5000000;16.5160000
CNYRUB_TOM;D;20220318;000000;16.8200000;17.3800000;16.2100000;16.6127000
CNYRUB_TOM;D;20220321;000000;16.8270000;16.9727000;16.4000000;16.4082000
CNYRUB_TOM;D;20220322;000000;16.4082000;16.5881000;16.3101000;16.3800000
CNYRUB_TOM;D;20220323;000000;16.4000000;16.5570000;15.5500000;15.6000000
CNYRUB_TOM;D;20220324;000000;15.4000000;15.9699000;14.9200000;15.2990000
CNYRUB_TOM;D;20220325;000000;15.4700000;15.5512000;14.7060000;15.4680000
CNYRUB_TOM;D;20220328;000000;15.4900000;15.6730000;14.7002000;14.8101000
CNYRUB_TOM;D;20220329;000000;14.8134000;15.0696000;13.0500000;13.6900000
CNYRUB_TOM;D;20220330;000000;13.7105000;14.1700000;13.2210000;13.4700000
CNYRUB_TOM;D;20220331;000000;13.4700000;13.6000000;13.1500000;13.4096000
CNYRUB_TOM;D;20220401;000000;13.4096000;13.4879000;13.1500000;13.3500000
CNYRUB_TOM;D;20220404;000000;13.2501000;13.4960000;13.2010000;13.3400000
CNYRUB_TOM;D;20220405;000000;13.3560000;13.4000000;13.1500000;13.3055000
CNYRUB_TOM;D;20220406;000000;13.3390000;13.4500000;12.9690000;13.0790000
CNYRUB_TOM;D;20220407;000000;13.0790000;13.1150000;12.0401000;12.4400000
CNYRUB_TOM;D;20220408;000000;12.4405000;12.5932000;11.8620000;12.2300000
CNYRUB_TOM;D;20220411;000000;12.8800000;13.2399000;12.3825000;12.5450000
CNYRUB_TOM;D;20220412;000000;12.5450000;12.6820000;12.4001000;12.5301000
CNYRUB_TOM;D;20220413;000000;12.5500000;12.7440000;12.4500000;12.7368000
CNYRUB_TOM;D;20220414;000000;12.7300000;13.0959000;12.5333000;12.7290000
CNYRUB_TOM;D;20220415;000000;12.7700000;12.8175000;12.5510000;12.7180000
CNYRUB_TOM;D;20220418;000000;12.7500000;12.8550000;12.4510000;12.6150000
CNYRUB_TOM;D;20220419;000000;12.6150000;12.6339000;12.2550000;12.3100000
CNYRUB_TOM;D;20220420;000000;12.3087000;12.3087000;11.9600000;12.1200000
CNYRUB_TOM;D;20220421;000000;12.0210000;12.1400000;11.5140000;11.9300000
CNYRUB_TOM;D;20220422;000000;11.9000000;11.9300000;11.2050000;11.6000000
CNYRUB_TOM;D;20220425;000000;11.6220000;11.6500000;11.0800000;11.2399000
CNYRUB_TOM;D;20220426;000000;11.2399000;11.2910000;11.0200000;11.1216000
CNYRUB_TOM;D;20220427;000000;11.1276000;11.2100000;11.0425000;11.1450000
CNYRUB_TOM;D;20220428;000000;11.1311000;11.2878000;10.8616000;11.1500000
CNYRUB_TOM;D;20220429;000000;11.0500000;11.1059000;10.6790000;10.8600000
CNYRUB_TOM;D;20220504;000000;10.7225000;10.7313000;10.0181000;10.0409000
CNYRUB_TOM;D;20220505;000000;10.0000000;10.3980000;9.9100000;10.2352000
CNYRUB_TOM;D;20220506;000000;10.2300000;10.6500000;9.9100000;10.5001000
CNYRUB_TOM;D;20220511;000000;9.7192000;10.5240000;9.7192000;10.0600000
CNYRUB_TOM;D;20220512;000000;10.0460000;10.1000000;9.3360000;9.3360000
CNYRUB_TOM;D;20220513;000000;9.4154000;9.6500000;9.1500000;9.5500000
CNYRUB_TOM;D;20220516;000000;9.5000000;9.5596000;9.2500000;9.4680000
CNYRUB_TOM;D;20220517;000000;9.4620000;9.5880000;9.3600000;9.5849000
CNYRUB_TOM;D;20220518;000000;9.5800000;9.6000000;9.3115000;9.3975000
CNYRUB_TOM;D;20220519;000000;9.4100000;9.4200000;9.1300000;9.1750000
CNYRUB_TOM;D;20220520;000000;9.1702000;9.2500000;8.6695000;8.9298000
CNYRUB_TOM;D;20220523;000000;8.9303000;8.9886000;8.6928000;8.7500000
CNYRUB_TOM;D;20220524;000000;8.7811000;8.8500000;8.5800000;8.6320000
CNYRUB_TOM;D;20220525;000000;8.6550000;9.4740000;8.4061000;9.4007000
CNYRUB_TOM;D;20220526;000000;9.4300000;10.3133000;9.2125000;9.8910000
CNYRUB_TOM;D;20220527;000000;9.8999000;10.3795000;9.8115000;10.0479000
CNYRUB_TOM;D;20220530;000000;10.0100000;10.1936000;9.3551000;9.4744000
CNYRUB_TOM;D;20220531;000000;9.5390000;9.6800000;9.2000000;9.4700000
CNYRUB_TOM;D;20220601;000000;9.4650000;9.5519000;9.2800000;9.3060000
CNYRUB_TOM;D;20220602;000000;9.3299000;9.4400000;9.2523000;9.3401000
CNYRUB_TOM;D;20220603;000000;9.3900000;9.5025000;9.3340000;9.3941000
CNYRUB_TOM;D;20220606;000000;9.4050000;9.4850000;9.2513000;9.3214000
CNYRUB_TOM;D;20220607;000000;9.3214000;9.3975000;9.2140000;9.3081000
CNYRUB_TOM;D;20220608;000000;9.3367000;9.3797000;9.1500000;9.2497000
CNYRUB_TOM;D;20220609;000000;9.2020000;9.3467000;8.8800000;9.1114000
CNYRUB_TOM;D;20220610;000000;9.1090000;9.1990000;8.5290000;8.7770000
CNYRUB_TOM;D;20220614;000000;8.7500000;8.8770000;8.3130000;8.5200000
CNYRUB_TOM;D;20220615;000000;8.5211000;8.6700000;8.4657000;8.6200000
CNYRUB_TOM;D;20220616;000000;8.6706000;8.7097000;8.4960000;8.6265000
CNYRUB_TOM;D;20220617;000000;8.6265000;8.6746000;8.4300000;8.4300000
CNYRUB_TOM;D;20220620;000000;8.4700000;8.5447000;8.3900000;8.4390000
CNYRUB_TOM;D;20220621;000000;8.4400000;8.4639000;8.1135000;8.1290000
CNYRUB_TOM;D;20220622;000000;8.1310000;8.1504000;7.9282000;8.0350000
CNYRUB_TOM;D;20220623;000000;8.0350000;8.0920000;7.9305000;8.0186000
CNYRUB_TOM;D;20220624;000000;8.0200000;8.1784000;7.9750000;8.1634000
CNYRUB_TOM;D;20220627;000000;8.1635000;8.3174000;7.9670000;8.0501000
CNYRUB_TOM;D;20220628;000000;8.0800000;8.0900000;7.7675000;7.8300000
CNYRUB_TOM;D;20220629;000000;7.8280000;8.2277000;7.5011000;8.2031000
CNYRUB_TOM;D;20220630;000000;8.2102000;8.4890000;7.9120000;7.9901000
CNYRUB_TOM;D;20220701;000000;8.0142000;9.0100000;7.9300000;8.7511000
CNYRUB_TOM;D;20220704;000000;8.7900000;9.0440000;8.4500000;8.6750000
CNYRUB_TOM;D;20220705;000000;8.6780000;9.4750000;8.6064000;9.3999000
CNYRUB_TOM;D;20220706;000000;9.4000000;9.8421000;9.3811000;9.7485000
CNYRUB_TOM;D;20220707;000000;9.7485000;9.8900000;9.3641000;9.5355000
CNYRUB_TOM;D;20220708;000000;9.5350000;9.5350000;9.1900000;9.2762000
CNYRUB_TOM;D;20220711;000000;9.2100000;9.2887000;8.8550000;8.9020000
CNYRUB_TOM;D;20220712;000000;8.8995000;8.9096000;8.5060000;8.8418000
CNYRUB_TOM;D;20220713;000000;8.8600000;8.8950000;8.6202000;8.7052000
CNYRUB_TOM;D;20220714;000000;8.7000000;8.7390000;8.5415000;8.6563000
CNYRUB_TOM;D;20220715;000000;8.6500000;8.8150000;8.4300000;8.5901000
CNYRUB_TOM;D;20220718;000000;8.6000000;8.6285000;8.3551000;8.4400000
CNYRUB_TOM;D;20220719;000000;8.4393000;8.4393000;8.1518000;8.3000000
CNYRUB_TOM;D;20220720;000000;8.2700000;8.2700000;8.1111000;8.1500000
CNYRUB_TOM;D;20220721;000000;8.1400000;8.7186000;8.1040000;8.5200000
CNYRUB_TOM;D;20220722;000000;8.5240000;8.7789000;8.4611000;8.5837000
CNYRUB_TOM;D;20220725;000000;8.5840000;8.7190000;8.5439000;8.6894000
CNYRUB_TOM;D;20220726;000000;8.6952000;9.2370000;8.6952000;9.2000000
CNYRUB_TOM;D;20220727;000000;9.2300000;9.2630000;8.8780000;8.9971000
CNYRUB_TOM;D;20220728;000000;8.9800000;9.1898000;8.9002000;9.1401000
CNYRUB_TOM;D;20220729;000000;9.1251000;9.3661000;9.0802000;9.3299000
CNYRUB_TOM;D;20220801;000000;9.2700000;9.4580000;8.8070000;9.0330000
CNYRUB_TOM;D;20220802;000000;8.9760000;9.0480000;8.8520000;8.9700000
CNYRUB_TOM;D;20220803;000000;8.9800000;9.0450000;8.8520000;8.9860000
CNYRUB_TOM;D;20220804;000000;9.0200000;9.0630000;8.8890000;8.9400000
CNYRUB_TOM;D;20220805;000000;8.9500000;9.0740000;8.9060000;9.0520000
CNYRUB_TOM;D;20220808;000000;9.0290000;9.0890000;8.8880000;9.0270000
CNYRUB_TOM;D;20220809;000000;9.0280000;9.0410000;8.9120000;8.9240000
CNYRUB_TOM;D;20220810;000000;8.9200000;9.0950000;8.9040000;9.0900000
CNYRUB_TOM;D;20220811;000000;9.0700000;9.0760000;8.9880000;9.0260000
CNYRUB_TOM;D;20220812;000000;9.0400000;9.0670000;8.9500000;8.9950000
CNYRUB_TOM;D;20220815;000000;8.9830000;9.0900000;8.9510000;9.0300000
CNYRUB_TOM;D;20220816;000000;9.0380000;9.0650000;8.9240000;8.9700000
CNYRUB_TOM;D;20220817;000000;8.9700000;9.0200000;8.8160000;8.9010000
CNYRUB_TOM;D;20220818;000000;8.9100000;8.9260000;8.6800000;8.7560000
CNYRUB_TOM;D;20220819;000000;8.7470000;8.7590000;8.5340000;8.6100000
CNYRUB_TOM;D;20220822;000000;8.6500000;8.7800000;8.6200000;8.7110000
CNYRUB_TOM;D;20220823;000000;8.7150000;8.7870000;8.6800000;8.7200000
CNYRUB_TOM;D;20220824;000000;8.7350000;8.7600000;8.6950000;8.7480000
CNYRUB_TOM;D;20220825;000000;8.7470000;8.7680000;8.7000000;8.7550000
CNYRUB_TOM;D;20220826;000000;8.7620000;8.7690000;8.7200000;8.7650000
CNYRUB_TOM;D;20220829;000000;8.7600000;8.7630000;8.7000000;8.7260000
CNYRUB_TOM;D;20220830;000000;8.7300000;8.7550000;8.6520000;8.6750000
CNYRUB_TOM;D;20220831;000000;8.6000000;8.7820000;8.6000000;8.7200000
CNYRUB_TOM;D;20220901;000000;8.7300000;8.7560000;8.6980000;8.7270000
CNYRUB_TOM;D;20220902;000000;8.7310000;8.8250000;8.7280000;8.8050000
CNYRUB_TOM;D;20220905;000000;8.8170000;8.8540000;8.7170000;8.7380000
CNYRUB_TOM;D;20220906;000000;8.7400000;8.7740000;8.7130000;8.7650000
CNYRUB_TOM;D;20220907;000000;8.7670000;8.8090000;8.7280000;8.7320000
CNYRUB_TOM;D;20220908;000000;8.7520000;8.7750000;8.7140000;8.7310000
CNYRUB_TOM;D;20220909;000000;8.7300000;8.7500000;8.6970000;8.7230000
CNYRUB_TOM;D;20220912;000000;8.7230000;8.7600000;8.7000000;8.7130000
CNYRUB_TOM;D;20220913;000000;8.7130000;8.7440000;8.5560000;8.5950000
CNYRUB_TOM;D;20220914;000000;8.6100000;8.6180000;8.5460000;8.5880000
CNYRUB_TOM;D;20220915;000000;8.5870000;8.5990000;8.5120000;8.5710000
CNYRUB_TOM;D;20220916;000000;8.5750000;8.5800000;8.5220000;8.5460000
CNYRUB_TOM;D;20220919;000000;8.5520000;8.6330000;8.5250000;8.5590000
CNYRUB_TOM;D;20220920;000000;8.5660000;8.6480000;8.5250000;8.6450000
CNYRUB_TOM;D;20220921;000000;8.6480000;8.8500000;8.5330000;8.5770000
CNYRUB_TOM;D;20220922;000000;8.5770000;8.6360000;8.2740000;8.3030000
CNYRUB_TOM;D;20220923;000000;8.3030000;8.4010000;7.9400000;8.0920000
CNYRUB_TOM;D;20220926;000000;8.0900000;8.1870000;8.0010000;8.1200000
CNYRUB_TOM;D;20220927;000000;8.1200000;8.1920000;8.0800000;8.1550000
CNYRUB_TOM;D;20220928;000000;8.1560000;8.1790000;7.9750000;8.0230000
CNYRUB_TOM;D;20220929;000000;8.0390000;8.1640000;7.9120000;8.1200000
CNYRUB_TOM;D;20220930;000000;8.1210000;8.5450000;8.0170000;8.3410000
CNYRUB_TOM;D;20221003;000000;8.3550000;8.4540000;8.0160000;8.2680000
CNYRUB_TOM;D;20221004;000000;8.2810000;8.3280000;8.1550000;8.1990000
CNYRUB_TOM;D;20221005;000000;8.2000000;8.5890000;8.1490000;8.5750000
CNYRUB_TOM;D;20221006;000000;8.5530000;8.6800000;8.5020000;8.5550000
CNYRUB_TOM;D;20221007;000000;8.5600000;8.6570000;8.4930000;8.4970000
CNYRUB_TOM;D;20221010;000000;8.5500000;8.7000000;8.5200000;8.6570000
CNYRUB_TOM;D;20221011;000000;8.6250000;8.8000000;8.6250000;8.6830000
CNYRUB_TOM;D;20221012;000000;8.6990000;8.8540000;8.5580000;8.6830000
CNYRUB_TOM;D;20221013;000000;8.6890000;8.7620000;8.6600000;8.6850000
CNYRUB_TOM;D;20221014;000000;8.6940000;8.7370000;8.5820000;8.6020000
CNYRUB_TOM;D;20221017;000000;8.6010000;8.6270000;8.4610000;8.5330000
CNYRUB_TOM;D;20221018;000000;8.5330000;8.5740000;8.4740000;8.5050000
CNYRUB_TOM;D;20221019;000000;8.5050000;8.5250000;8.4070000;8.4620000
CNYRUB_TOM;D;20221020;000000;8.4650000;8.4800000;8.4020000;8.4380000
CNYRUB_TOM;D;20221021;000000;8.4160000;8.4370000;8.2900000;8.3090000
CNYRUB_TOM;D;20221024;000000;8.3090000;8.3650000;8.2940000;8.3320000
CNYRUB_TOM;D;20221025;000000;8.3300000;8.4170000;8.2950000;8.4070000
CNYRUB_TOM;D;20221026;000000;8.4150000;8.5100000;8.4100000;8.5000000
CNYRUB_TOM;D;20221027;000000;8.4990000;8.5120000;8.3930000;8.4700000
CNYRUB_TOM;D;20221028;000000;8.4600000;8.4800000;8.3730000;8.4030000
CNYRUB_TOM;D;20221031;000000;8.4300000;8.4490000;8.3430000;8.3850000
CNYRUB_TOM;D;20221101;000000;8.3800000;8.4300000;8.3710000;8.3970000
CNYRUB_TOM;D;20221102;000000;8.4180000;8.4410000;8.3910000;8.4140000
CNYRUB_TOM;D;20221103;000000;8.4140000;8.4750000;8.3920000;8.4070000
CNYRUB_TOM;D;20221107;000000;8.4330000;8.4700000;8.4100000;8.4170000
CNYRUB_TOM;D;20221108;000000;8.4200000;8.4290000;8.3430000;8.3720000
CNYRUB_TOM;D;20221109;000000;8.3450000;8.4700000;8.3450000;8.4540000
CNYRUB_TOM;D;20221110;000000;8.4460000;8.4880000;8.3460000;8.3910000
CNYRUB_TOM;D;20221111;000000;8.3910000;8.4800000;8.3850000;8.4730000
CNYRUB_TOM;D;20221114;000000;8.5090000;8.5700000;8.5000000;8.5340000
CNYRUB_TOM;D;20221115;000000;8.5400000;8.5720000;8.4980000;8.5500000
CNYRUB_TOM;D;20221116;000000;8.5510000;8.5900000;8.4630000;8.4930000
CNYRUB_TOM;D;20221117;000000;8.4860000;8.4860000;8.4260000;8.4530000
CNYRUB_TOM;D;20221118;000000;8.4600000;8.5040000;8.4540000;8.4900000
CNYRUB_TOM;D;20221121;000000;8.4730000;8.4980000;8.4550000;8.4700000
CNYRUB_TOM;D;20221122;000000;8.4750000;8.4960000;8.4620000;8.4700000
CNYRUB_TOM;D;20221123;000000;8.4660000;8.4690000;8.4120000;8.4400000
CNYRUB_TOM;D;20221124;000000;8.4400000;8.4570000;8.4170000;8.4490000
CNYRUB_TOM;D;20221125;000000;8.4490000;8.4490000;8.4140000;8.4150000
CNYRUB_TOM;D;20221128;000000;8.4130000;8.4500000;8.3960000;8.4360000
CNYRUB_TOM;D;20221129;000000;8.4480000;8.5350000;8.4400000;8.4680000
CNYRUB_TOM;D;20221130;000000;8.4790000;8.6100000;8.4720000;8.5930000
CNYRUB_TOM;D;20221201;000000;8.6000000;8.7250000;8.5910000;8.7240000
CNYRUB_TOM;D;20221202;000000;8.7230000;8.8300000;8.6810000;8.8050000
CNYRUB_TOM;D;20221205;000000;8.8240000;8.9690000;8.8230000;8.9300000
CNYRUB_TOM;D;20221206;000000;8.9300000;9.0400000;8.9230000;8.9580000
CNYRUB_TOM;D;20221207;000000;8.9860000;9.0300000;8.9580000;9.0050000
CNYRUB_TOM;D;20221208;000000;9.0120000;9.0300000;8.9270000;8.9990000
CNYRUB_TOM;D;20221209;000000;8.9910000;9.0020000;8.9440000;8.9780000
CNYRUB_TOM;D;20221212;000000;8.9600000;9.0150000;8.9520000;8.9850000
CNYRUB_TOM;D;20221213;000000;8.9930000;9.0710000;8.9730000;9.0450000
CNYRUB_TOM;D;20221214;000000;9.0590000;9.1900000;9.0500000;9.1650000
CNYRUB_TOM;D;20221215;000000;9.1850000;9.2980000;9.1450000;9.2150000
CNYRUB_TOM;D;20221216;000000;9.2190000;9.2790000;9.2080000;9.2790000
CNYRUB_TOM;D;20221219;000000;9.2750000;9.8050000;9.2570000;9.6570000
CNYRUB_TOM;D;20221220;000000;9.6890000;9.9390000;9.5790000;9.8900000
CNYRUB_TOM;D;20221221;000000;9.9090000;10.1500000;9.8940000;10.0790000
CNYRUB_TOM;D;20221222;000000;10.1400000;10.2960000;9.7230000;9.7690000
CNYRUB_TOM;D;20221223;000000;9.7690000;9.9960000;9.5920000;9.9200000
CNYRUB_TOM;D;20221226;000000;9.9880000;10.0490000;9.6560000;9.7740000
CNYRUB_TOM;D;20221227;000000;9.7850000;10.1170000;9.7030000;9.9800000
CNYRUB_TOM;D;20221228;000000;10.0160000;10.2490000;9.9930000;10.2490000
CNYRUB_TOM;D;20221229;000000;10.2570000;10.3260000;10.0050000;10.1860000
CNYRUB_TOM;D;20221230;000000;10.1800000;10.2650000;9.7720000;9.9120000
CNYRUB_TOM;D;20230103;000000;9.9000000;10.1800000;9.8700000;10.1100000
CNYRUB_TOM;D;20230104;000000;10.1170000;10.2860000;10.1170000;10.2650000
CNYRUB_TOM;D;20230105;000000;10.2900000;10.4240000;10.2010000;10.4170000
CNYRUB_TOM;D;20230106;000000;10.3800000;10.4980000;10.3530000;10.4370000
CNYRUB_TOM;D;20230109;000000;10.4590000;10.5550000;10.1540000;10.2190000
CNYRUB_TOM;D;20230110;000000;10.2200000;10.2890000;10.1400000;10.2790000
CNYRUB_TOM;D;20230111;000000;10.2880000;10.3370000;10.0180000;10.0740000
CNYRUB_TOM;D;20230112;000000;10.0800000;10.0970000;9.9700000;10.0210000
CNYRUB_TOM;D;20230113;000000;10.0010000;10.2290000;9.9810000;10.1900000
CNYRUB_TOM;D;20230116;000000;10.2030000;10.2700000;10.0700000;10.1490000
CNYRUB_TOM;D;20230117;000000;10.1520000;10.2300000;10.0810000;10.1900000
CNYRUB_TOM;D;20230118;000000;10.1930000;10.2350000;10.1410000;10.1900000
CNYRUB_TOM;D;20230119;000000;10.1910000;10.2050000;10.1010000;10.1290000
CNYRUB_TOM;D;20230120;000000;10.1310000;10.1390000;10.0870000;10.1190000
CNYRUB_TOM;D;20230123;000000;10.1210000;10.1490000;10.0760000;10.1280000
CNYRUB_TOM;D;20230124;000000;10.1290000;10.1490000;10.0940000;10.1380000
CNYRUB_TOM;D;20230125;000000;10.1430000;10.2190000;10.1270000;10.2160000
CNYRUB_TOM;D;20230126;000000;10.2170000;10.3040000;10.2040000;10.2790000
CNYRUB_TOM;D;20230127;000000;10.2820000;10.2920000;10.2350000;10.2600000
CNYRUB_TOM;D;20230130;000000;10.2680000;10.4050000;10.2610000;10.4050000
CNYRUB_TOM;D;20230131;000000;10.4180000;10.4700000;10.3190000;10.3480000
CNYRUB_TOM;D;20230201;000000;10.3640000;10.4250000;10.3470000;10.3910000
CNYRUB_TOM;D;20230202;000000;10.4010000;10.4590000;10.3730000;10.4510000
CNYRUB_TOM;D;20230203;000000;10.4480000;10.4500000;10.3850000;10.4170000
CNYRUB_TOM;D;20230206;000000;10.4100000;10.4370000;10.3560000;10.4190000
CNYRUB_TOM;D;20230207;000000;10.4190000;10.4650000;10.4090000;10.4550000
CNYRUB_TOM;D;20230208;000000;10.4570000;10.6700000;10.4470000;10.6700000
CNYRUB_TOM;D;20230209;000000;10.6770000;10.8060000;10.6720000;10.7670000
CNYRUB_TOM;D;20230210;000000;10.7670000;10.7900000;10.6590000;10.7490000
CNYRUB_TOM;D;20230213;000000;10.7530000;10.8010000;10.7020000;10.8000000
CNYRUB_TOM;D;20230214;000000;10.7960000;10.8500000;10.7010000;10.8030000
CNYRUB_TOM;D;20230215;000000;10.8030000;10.9050000;10.7680000;10.8700000
CNYRUB_TOM;D;20230216;000000;10.8750000;10.9190000;10.8490000;10.8750000
CNYRUB_TOM;D;20230217;000000;10.8750000;10.9130000;10.7340000;10.7600000
CNYRUB_TOM;D;20230220;000000;10.7500000;10.9150000;10.7020000;10.8700000
CNYRUB_TOM;D;20230221;000000;10.8700000;10.9260000;10.7990000;10.8500000
CNYRUB_TOM;D;20230222;000000;10.8500000;10.9200000;10.8000000;10.9030000
CNYRUB_TOM;D;20230224;000000;10.8900000;11.0110000;10.8250000;10.9650000
CNYRUB_TOM;D;20230227;000000;10.9410000;10.9820000;10.6700000;10.7100000
CNYRUB_TOM;D;20230228;000000;10.7100000;10.8040000;10.6170000;10.7800000
CNYRUB_TOM;D;20230301;000000;10.7820000;10.9390000;10.7820000;10.9090000
CNYRUB_TOM;D;20230302;000000;10.8990000;10.9450000;10.8450000;10.8650000
CNYRUB_TOM;D;20230303;000000;10.8800000;10.9380000;10.8720000;10.9260000
CNYRUB_TOM;D;20230306;000000;10.9240000;10.9790000;10.8200000;10.8550000
CNYRUB_TOM;D;20230307;000000;10.8470000;10.8780000;10.8240000;10.8750000
CNYRUB_TOM;D;20230309;000000;10.8920000;10.9170000;10.8270000;10.8560000
CNYRUB_TOM;D;20230310;000000;10.8660000;10.9660000;10.8550000;10.9650000
CNYRUB_TOM;D;20230313;000000;10.9770000;11.0200000;10.8660000;10.9270000
CNYRUB_TOM;D;20230314;000000;10.9340000;10.9590000;10.9010000;10.9370000
CNYRUB_TOM;D;20230315;000000;10.9450000;11.0120000;10.9190000;11.0000000
CNYRUB_TOM;D;20230316;000000;11.0010000;11.2070000;10.9920000;11.0900000
CNYRUB_TOM;D;20230317;000000;11.0900000;11.1930000;11.0680000;11.1900000
CNYRUB_TOM;D;20230320;000000;11.1990000;11.2980000;11.1150000;11.1900000
CNYRUB_TOM;D;20230321;000000;11.1940000;11.2430000;11.1350000;11.1610000
CNYRUB_TOM;D;20230322;000000;11.1600000;11.1950000;11.1210000;11.1850000
CNYRUB_TOM;D;20230323;000000;11.1950000;11.2480000;11.0590000;11.1050000
CNYRUB_TOM;D;20230324;000000;11.0730000;11.1470000;11.0720000;11.1390000
CNYRUB_TOM;D;20230327;000000;11.1400000;11.1810000;11.0890000;11.1130000
CNYRUB_TOM;D;20230328;000000;11.1130000;11.1750000;11.0730000;11.1730000
CNYRUB_TOM;D;20230329;000000;11.1700000;11.2010000;11.1300000;11.2000000
CNYRUB_TOM;D;20230330;000000;11.2010000;11.2230000;11.1510000;11.1920000
CNYRUB_TOM;D;20230331;000000;11.1920000;11.3400000;11.1830000;11.2810000
CNYRUB_TOM;D;20230403;000000;11.2400000;11.4470000;11.2100000;11.4280000
CNYRUB_TOM;D;20230404;000000;11.4420000;11.5720000;11.4260000;11.5030000
CNYRUB_TOM;D;20230405;000000;11.5190000;11.5830000;11.4870000;11.5780000
CNYRUB_TOM;D;20230406;000000;11.5900000;11.8090000;11.5720000;11.8000000
CNYRUB_TOM;D;20230407;000000;11.8100000;12.1390000;11.7330000;11.8120000
CNYRUB_TOM;D;20230410;000000;11.8100000;11.9320000;11.7660000;11.8490000
CNYRUB_TOM;D;20230411;000000;11.8110000;11.9820000;11.8110000;11.9090000
CNYRUB_TOM;D;20230412;000000;11.9230000;11.9620000;11.8600000;11.8850000
CNYRUB_TOM;D;20230413;000000;11.8930000;11.9100000;11.8130000;11.8550000
CNYRUB_TOM;D;20230414;000000;11.8850000;11.9000000;11.8540000;11.8960000
CNYRUB_TOM;D;20230417;000000;11.8900000;11.9530000;11.7920000;11.8140000
CNYRUB_TOM;D;20230418;000000;11.8150000;11.8960000;11.7850000;11.8440000
CNYRUB_TOM;D;20230419;000000;11.8530000;11.8890000;11.7960000;11.8550000
CNYRUB_TOM;D;20230420;000000;11.8550000;11.8680000;11.8060000;11.8240000
CNYRUB_TOM;D;20230421;000000;11.8360000;11.8470000;11.7780000;11.8190000
CNYRUB_TOM;D;20230424;000000;11.8000000;11.8320000;11.7110000;11.7720000
CNYRUB_TOM;D;20230425;000000;11.7700000;11.8600000;11.7400000;11.7570000
CNYRUB_TOM;D;20230426;000000;11.7600000;11.7820000;11.7450000;11.7540000
CNYRUB_TOM;D;20230427;000000;11.7730000;11.8230000;11.6810000;11.7050000
CNYRUB_TOM;D;20230428;000000;11.7070000;11.7640000;11.3900000;11.5860000
CNYRUB_TOM;D;20230502;000000;11.5800000;11.5960000;11.4380000;11.4960000
CNYRUB_TOM;D;20230503;000000;11.5010000;11.5390000;11.3950000;11.4540000
CNYRUB_TOM;D;20230504;000000;11.4580000;11.5090000;11.2030000;11.2690000
CNYRUB_TOM;D;20230505;000000;11.2820000;11.3060000;11.0340000;11.1660000
CNYRUB_TOM;D;20230508;000000;11.1710000;11.2900000;11.0460000;11.2420000
CNYRUB_TOM;D;20230510;000000;11.2490000;11.2630000;10.9400000;10.9560000
CNYRUB_TOM;D;20230511;000000;10.9560000;11.1090000;10.8110000;11.0430000
CNYRUB_TOM;D;20230512;000000;11.0740000;11.1950000;10.9360000;11.1250000
CNYRUB_TOM;D;20230515;000000;11.1490000;11.4100000;11.1370000;11.3790000
CNYRUB_TOM;D;20230516;000000;11.3820000;11.5140000;11.3800000;11.4890000
CNYRUB_TOM;D;20230517;000000;11.5100000;11.5500000;11.3600000;11.3960000
CNYRUB_TOM;D;20230518;000000;11.3700000;11.4400000;11.2750000;11.4040000
CNYRUB_TOM;D;20230519;000000;11.4050000;11.4350000;11.3240000;11.3720000
CNYRUB_TOM;D;20230522;000000;11.3440000;11.3710000;11.3200000;11.3710000
CNYRUB_TOM;D;20230523;000000;11.3710000;11.4220000;11.2830000;11.3350000
CNYRUB_TOM;D;20230524;000000;11.3310000;11.3600000;11.2950000;11.3250000
CNYRUB_TOM;D;20230525;000000;11.3250000;11.3440000;11.2510000;11.3270000
CNYRUB_TOM;D;20230526;000000;11.3270000;11.3400000;11.2860000;11.3030000
CNYRUB_TOM;D;20230529;000000;11.2900000;11.4340000;11.2740000;11.3890000
CNYRUB_TOM;D;20230530;000000;11.3910000;11.4450000;11.2750000;11.4270000
CNYRUB_TOM;D;20230531;000000;11.4030000;11.4170000;11.3340000;11.3790000
CNYRUB_TOM;D;20230601;000000;11.3700000;11.3940000;11.2930000;11.3490000
CNYRUB_TOM;D;20230602;000000;11.3510000;11.5000000;11.3510000;11.4720000
CNYRUB_TOM;D;20230605;000000;11.4760000;11.5080000;11.3450000;11.3680000
CNYRUB_TOM;D;20230606;000000;11.3690000;11.4340000;11.3360000;11.4120000
CNYRUB_TOM;D;20230607;000000;11.4120000;11.4870000;11.3850000;11.4780000
CNYRUB_TOM;D;20230608;000000;11.4830000;11.6140000;11.4550000;11.5960000
CNYRUB_TOM;D;20230609;000000;11.6180000;11.6580000;11.5090000;11.5600000
CNYRUB_TOM;D;20230613;000000;11.5700000;11.7390000;11.5450000;11.7350000
CNYRUB_TOM;D;20230614;000000;11.7410000;11.8520000;11.6830000;11.7410000
CNYRUB_TOM;D;20230615;000000;11.7400000;11.7980000;11.6280000;11.7280000
CNYRUB_TOM;D;20230616;000000;11.7200000;11.7870000;11.7080000;11.7650000
CNYRUB_TOM;D;20230619;000000;11.7700000;11.8080000;11.6800000;11.7290000
CNYRUB_TOM;D;20230620;000000;11.7290000;11.7720000;11.7020000;11.7650000
CNYRUB_TOM;D;20230621;000000;11.7660000;11.7840000;11.6180000;11.6480000
CNYRUB_TOM;D;20230622;000000;11.6600000;11.6920000;11.6010000;11.6500000
CNYRUB_TOM;D;20230623;000000;11.6500000;11.7520000;11.5720000;11.7090000
CNYRUB_TOM;D;20230626;000000;11.7750000;12.0590000;11.6270000;11.7300000
CNYRUB_TOM;D;20230627;000000;11.7410000;11.8140000;11.6830000;11.7880000
CNYRUB_TOM;D;20230628;000000;11.7880000;11.9000000;11.7370000;11.8990000
CNYRUB_TOM;D;20230629;000000;11.9000000;12.0580000;11.8540000;12.0570000
CNYRUB_TOM;D;20230630;000000;12.0500000;12.3500000;12.0300000;12.3320000
CNYRUB_TOM;D;20230703;000000;12.3350000;12.3420000;12.1700000;12.1820000
CNYRUB_TOM;D;20230704;000000;12.1810000;12.4690000;12.1670000;12.3340000
CNYRUB_TOM;D;20230705;000000;12.3340000;12.5660000;12.3340000;12.5410000
CNYRUB_TOM;D;20230706;000000;12.5500000;12.9190000;12.4570000;12.5800000
CNYRUB_TOM;D;20230707;000000;12.6290000;12.6970000;12.5290000;12.6480000
CNYRUB_TOM;D;20230710;000000;12.6480000;12.6990000;12.4700000;12.4840000
CNYRUB_TOM;D;20230711;000000;12.5180000;12.6200000;12.4390000;12.5000000
CNYRUB_TOM;D;20230712;000000;12.5100000;12.7060000;12.5060000;12.6960000
CNYRUB_TOM;D;20230713;000000;12.7020000;12.7460000;12.5110000;12.5910000
CNYRUB_TOM;D;20230714;000000;12.5910000;12.6420000;12.5590000;12.6200000
CNYRUB_TOM;D;20230717;000000;12.6270000;12.6740000;12.5700000;12.6740000
CNYRUB_TOM;D;20230718;000000;12.6740000;12.6970000;12.6110000;12.6270000
CNYRUB_TOM;D;20230719;000000;12.6220000;12.6790000;12.5820000;12.6470000
CNYRUB_TOM;D;20230720;000000;12.6650000;12.6970000;12.5570000;12.5750000
CNYRUB_TOM;D;20230721;000000;12.5850000;12.6300000;12.5250000;12.6160000
CNYRUB_TOM;D;20230724;000000;12.6250000;12.6340000;12.5150000;12.5750000
CNYRUB_TOM;D;20230725;000000;12.5830000;12.6490000;12.5580000;12.6330000
CNYRUB_TOM;D;20230726;000000;12.6230000;12.6330000;12.5570000;12.5820000
CNYRUB_TOM;D;20230727;000000;12.5910000;12.6440000;12.5720000;12.6440000
CNYRUB_TOM;D;20230728;000000;12.6440000;12.8080000;12.6270000;12.8000000
CNYRUB_TOM;D;20230731;000000;12.8150000;12.9300000;12.7310000;12.8080000
CNYRUB_TOM;D;20230801;000000;12.8200000;12.8440000;12.7510000;12.8380000
CNYRUB_TOM;D;20230802;000000;12.8550000;13.0770000;12.7910000;13.0690000
CNYRUB_TOM;D;20230803;000000;13.0690000;13.1590000;12.9600000;13.1170000
CNYRUB_TOM;D;20230804;000000;13.1230000;13.3790000;13.0910000;13.3330000
CNYRUB_TOM;D;20230807;000000;13.3320000;13.4700000;13.1750000;13.2400000
CNYRUB_TOM;D;20230808;000000;13.2300000;13.4480000;13.2100000;13.4190000
CNYRUB_TOM;D;20230809;000000;13.4430000;13.5680000;13.3890000;13.4320000
CNYRUB_TOM;D;20230810;000000;13.4320000;13.5480000;13.3600000;13.4650000
CNYRUB_TOM;D;20230811;000000;13.4850000;13.6970000;13.4260000;13.6950000
CNYRUB_TOM;D;20230814;000000;13.6990000;13.9600000;13.2790000;13.3900000
CNYRUB_TOM;D;20230815;000000;13.3260000;13.5550000;13.0290000;13.2540000
CNYRUB_TOM;D;20230816;000000;13.1800000;13.3230000;12.8650000;12.9020000
CNYRUB_TOM;D;20230817;000000;12.9300000;13.0100000;12.6220000;12.7740000
CNYRUB_TOM;D;20230818;000000;12.7740000;12.8520000;12.6580000;12.8270000
CNYRUB_TOM;D;20230821;000000;12.8270000;12.9330000;12.7010000;12.7990000
CNYRUB_TOM;D;20230822;000000;12.8090000;12.9100000;12.7950000;12.8850000
CNYRUB_TOM;D;20230823;000000;12.8950000;12.9950000;12.8610000;12.8990000
CNYRUB_TOM;D;20230824;000000;12.9750000;13.0050000;12.9120000;12.9720000
CNYRUB_TOM;D;20230825;000000;12.9740000;13.1030000;12.9250000;13.0490000
CNYRUB_TOM;D;20230828;000000;13.0800000;13.1370000;13.0000000;13.0580000
CNYRUB_TOM;D;20230829;000000;13.0600000;13.1810000;13.0580000;13.0940000
CNYRUB_TOM;D;20230830;000000;13.1270000;13.1700000;13.1020000;13.1700000
CNYRUB_TOM;D;20230831;000000;13.1790000;13.2200000;13.1310000;13.1700000
