EURRUB;D;20210401;000000;88.7128000;90.0128000;88.5613000;89.8380000
EURRUB;D;20210402;000000;89.6940000;90.0280000;89.2840000;89.9450000
EURRUB;D;20210404;000000;89.8890000;90.0120000;89.7920000;89.9370000
EURRUB;D;20210405;000000;89.9560000;90.3940000;89.4720000;90.2124000
EURRUB;D;20210406;000000;90.4350000;91.8540000;89.7503000;91.5460000
EURRUB;D;20210407;000000;91.5460000;92.7357000;91.1659000;91.6740000
EURRUB;D;20210408;000000;91.6720000;91.8917000;91.0388000;91.5270000
EURRUB;D;20210409;000000;91.5200000;92.2084000;91.4360000;92.0800000
EURRUB;D;20210411;000000;92.0800000;92.3520000;91.9479000;92.0027000
EURRUB;D;20210412;000000;92.0627000;92.4066000;91.6496000;92.0241000
EURRUB;D;20210413;000000;92.0241000;92.2010000;90.5008000;90.7670000
EURRUB;D;20210414;000000;90.7227000;91.1440000;90.1897000;91.1190000
EURRUB;D;20210415;000000;91.1290000;92.8446000;90.7130000;90.9710000
EURRUB;D;20210416;000000;90.9533000;91.4320000;90.0964000;90.7980000
EURRUB;D;20210418;000000;90.8410000;91.2450000;90.6863000;90.9191000
EURRUB;D;20210419;000000;90.9105000;92.0640000;90.5734000;91.7867000
EURRUB;D;20210420;000000;91.8131000;92.9371000;91.5926000;92.3240000
EURRUB;D;20210421;000000;92.7494000;92.7923000;91.6274000;92.0298000
EURRUB;D;20210422;000000;92.1347000;92.3570000;90.3343000;90.5956000
EURRUB;D;20210423;000000;90.5966000;90.8090000;89.9835000;90.4100000
EURRUB;D;20210425;000000;90.5540000;90.7950000;90.3720000;90.6220000
EURRUB;D;20210426;000000;90.4894000;91.7020000;90.2253000;90.5370000
EURRUB;D;20210427;000000;90.5362000;91.0283000;90.2360000;90.4650000
EURRUB;D;20210428;000000;90.4120000;90.5368000;89.9282000;90.1305000
EURRUB;D;20210429;000000;90.1442000;90.8830000;89.8887000;90.4190000
EURRUB;D;20210430;000000;90.4150000;90.8304000;90.1474000;90.4000000
EURRUB;D;20210502;000000;90.4410000;91.1090000;90.1360000;90.1700000
EURRUB;D;20210503;000000;90.4530000;91.3833000;90.1280000;90.1736000
EURRUB;D;20210504;000000;90.1733000;90.6269000;89.5910000;89.8000000
EURRUB;D;20210505;000000;89.8000000;89.9360000;89.3855000;89.7905000
EURRUB;D;20210506;000000;89.7242000;89.9500000;89.3520000;89.4725000
EURRUB;D;20210507;000000;89.4929000;89.7950000;89.2080000;89.4950000
EURRUB;D;20210509;000000;89.6940000;90.0000000;89.4070000;89.4515000
EURRUB;D;20210510;000000;89.4465000;90.2780000;89.2351000;90.0714000
EURRUB;D;20210511;000000;90.0659000;90.3542000;89.7670000;89.9867000
EURRUB;D;20210512;000000;89.9867000;90.2340000;89.5696000;89.9169000
EURRUB;D;20210513;000000;89.9750000;90.2050000;89.1245000;89.3710000
EURRUB;D;20210514;000000;89.3820000;89.9470000;89.2203000;89.7210000
EURRUB;D;20210516;000000;89.8860000;90.6210000;89.7240000;90.0280000
EURRUB;D;20210517;000000;90.0060000;90.1457000;89.4882000;89.6497000
EURRUB;D;20210518;000000;89.6497000;90.5140000;89.5220000;90.0490000
EURRUB;D;20210519;000000;89.9022000;90.2800000;89.6020000;89.6237000
EURRUB;D;20210520;000000;89.6620000;90.1070000;89.5620000;89.7312000
EURRUB;D;20210521;000000;89.7568000;90.0934000;89.2840000;89.6540000
EURRUB;D;20210523;000000;89.6470000;89.7600000;89.5050000;89.5747000
EURRUB;D;20210524;000000;89.5785000;90.1678000;89.4540000;89.6733000
EURRUB;D;20210525;000000;89.6489000;90.1310000;89.5560000;89.9253000
EURRUB;D;20210526;000000;89.9253000;90.1603000;89.5018000;89.5509000
EURRUB;D;20210527;000000;89.5896000;89.8200000;89.3593000;89.4367000
EURRUB;D;20210528;000000;89.4793000;89.7263000;88.9769000;89.2110000
EURRUB;D;20210530;000000;89.3260000;89.4020000;88.9671000;89.0529000
EURRUB;D;20210531;000000;89.2374000;89.8610000;89.0767000;89.7850000
EURRUB;D;20210601;000000;89.7852000;90.0720000;89.3694000;89.7946000
EURRUB;D;20210602;000000;89.7880000;90.0179000;89.1307000;89.2969000
EURRUB;D;20210603;000000;89.2982000;89.3680000;88.6592000;88.7818000
EURRUB;D;20210604;000000;88.6587000;89.0090000;88.4482000;88.4950000
EURRUB;D;20210606;000000;88.6290000;89.0610000;88.5430000;88.7240000
EURRUB;D;20210607;000000;88.8720000;88.9085000;88.3660000;88.7350000
EURRUB;D;20210608;000000;88.7280000;88.7872000;87.8474000;87.9138000
EURRUB;D;20210609;000000;87.9469000;88.3550000;87.5500000;88.0227000
EURRUB;D;20210610;000000;88.0191000;88.1460000;87.2278000;87.3118000
EURRUB;D;20210611;000000;87.3098000;87.5380000;86.8360000;87.1380000
EURRUB;D;20210613;000000;87.0940000;87.4110000;87.0665000;87.2241000
EURRUB;D;20210614;000000;87.2251000;87.6625000;87.0405000;87.2411000
EURRUB;D;20210615;000000;87.2411000;87.7162000;86.9534000;87.4066000
EURRUB;D;20210616;000000;87.5940000;87.6020000;86.7693000;86.9850000
EURRUB;D;20210617;000000;86.8220000;87.1519000;85.8968000;86.0210000
EURRUB;D;20210618;000000;86.3150000;86.5096000;85.6800000;86.2580000
EURRUB;D;20210620;000000;86.3240000;86.4990000;86.0260000;86.4630000
EURRUB;D;20210621;000000;86.4470000;87.2615000;86.1670000;87.1200000
EURRUB;D;20210622;000000;86.9573000;87.3010000;86.8020000;86.8964000
EURRUB;D;20210623;000000;86.8932000;87.0890000;86.4280000;86.6840000
EURRUB;D;20210624;000000;86.6490000;86.6860000;85.9950000;86.1674000
EURRUB;D;20210625;000000;86.1674000;86.4230000;85.9860000;86.1990000
EURRUB;D;20210627;000000;86.1520000;86.2850000;85.9750000;86.2720000
EURRUB;D;20210628;000000;86.2540000;86.2790000;85.8840000;85.9998000
EURRUB;D;20210629;000000;86.0168000;86.7527000;85.7621000;86.5250000
EURRUB;D;20210630;000000;86.5230000;87.0621000;86.3600000;86.6150000
EURRUB;D;20210701;000000;86.6590000;87.1720000;86.1881000;86.9574000
EURRUB;D;20210702;000000;86.9632000;87.2069000;86.5963000;86.7100000
EURRUB;D;20210704;000000;86.7000000;86.9450000;86.6338000;86.7196000
EURRUB;D;20210705;000000;86.7158000;87.2913000;86.5702000;87.0450000
EURRUB;D;20210706;000000;87.0155000;88.4080000;86.6660000;88.0090000
EURRUB;D;20210707;000000;88.0500000;88.2927000;87.3800000;88.0500000
EURRUB;D;20210708;000000;88.0910000;89.0403000;87.6692000;88.3830000
EURRUB;D;20210709;000000;88.5140000;88.5590000;87.8724000;88.3010000
EURRUB;D;20210711;000000;88.0960000;88.3350000;88.0430000;88.1880000
EURRUB;D;20210712;000000;88.1740000;88.7775000;88.0260000;88.1349000
EURRUB;D;20210713;000000;88.2530000;88.3220000;87.3098000;87.4370000
EURRUB;D;20210714;000000;87.4489000;88.0490000;87.2428000;87.6485000
EURRUB;D;20210715;000000;87.6776000;87.9210000;87.4309000;87.7774000
EURRUB;D;20210716;000000;87.7764000;87.9330000;87.3014000;87.3790000
EURRUB;D;20210718;000000;87.6330000;87.8550000;87.3288000;87.4130000
EURRUB;D;20210719;000000;87.4420000;88.3526000;87.3760000;87.9261000
EURRUB;D;20210720;000000;87.9261000;88.1460000;87.4228000;87.5043000
EURRUB;D;20210721;000000;87.4828000;87.7100000;86.9890000;87.1550000
EURRUB;D;20210722;000000;87.0691000;87.3309000;86.5570000;86.6527000
EURRUB;D;20210723;000000;86.6527000;86.9673000;86.4605000;86.9010000
EURRUB;D;20210725;000000;86.9060000;86.9060000;86.3810000;86.6430000
EURRUB;D;20210726;000000;86.7540000;87.4410000;86.6040000;86.8927000
EURRUB;D;20210727;000000;87.0070000;87.3530000;86.8118000;87.0694000
EURRUB;D;20210728;000000;87.0749000;87.1820000;86.6353000;87.0060000
EURRUB;D;20210729;000000;87.0090000;87.1480000;86.6990000;86.9022000
EURRUB;D;20210730;000000;86.9060000;87.2841000;86.3940000;86.7450000
EURRUB;D;20210801;000000;86.8040000;87.6050000;86.5870000;86.7480000
EURRUB;D;20210802;000000;86.7560000;87.0350000;86.3312000;86.5815000
EURRUB;D;20210803;000000;86.5731000;86.8730000;86.2250000;86.4950000
EURRUB;D;20210804;000000;86.4902000;86.7592000;86.2119000;86.5822000
EURRUB;D;20210805;000000;86.5785000;86.7390000;86.3635000;86.4846000
EURRUB;D;20210806;000000;86.4827000;86.6340000;86.2129000;86.4520000
EURRUB;D;20210808;000000;86.2310000;86.4680000;86.1200000;86.3035000
EURRUB;D;20210809;000000;86.3011000;86.5646000;86.1220000;86.3775000
EURRUB;D;20210810;000000;86.3775000;86.7617000;86.1220000;86.5200000
EURRUB;D;20210811;000000;86.5401000;86.8711000;85.9520000;86.0957000
EURRUB;D;20210812;000000;86.2180000;86.4397000;85.9619000;86.2248000
EURRUB;D;20210813;000000;86.2249000;86.4700000;86.0880000;86.3210000
EURRUB;D;20210815;000000;86.4910000;86.4970000;86.2472000;86.2696000
EURRUB;D;20210816;000000;86.2696000;86.5811000;86.1122000;86.3230000
EURRUB;D;20210817;000000;86.2120000;86.6073000;85.9802000;86.1084000
EURRUB;D;20210818;000000;86.0857000;86.5230000;85.8500000;86.3612000
EURRUB;D;20210819;000000;86.3617000;87.1567000;86.1220000;86.6609000
EURRUB;D;20210820;000000;86.6646000;87.0688000;86.4960000;86.8960000
EURRUB;D;20210822;000000;86.8770000;86.9230000;86.5890000;86.6995000
EURRUB;D;20210823;000000;86.7020000;87.0900000;86.5640000;86.9435000
EURRUB;D;20210824;000000;86.9037000;87.0954000;86.5473000;86.5651000
EURRUB;D;20210825;000000;86.6020000;87.0788000;86.4280000;86.9270000
EURRUB;D;20210826;000000;86.8520000;87.5280000;86.7000000;87.2113000
EURRUB;D;20210827;000000;87.2458000;87.3470000;86.5044000;86.6160000
EURRUB;D;20210829;000000;86.6380000;86.8300000;86.4120000;86.6300000
EURRUB;D;20210830;000000;86.6560000;86.9377000;86.4043000;86.4893000
EURRUB;D;20210831;000000;86.4893000;86.8711000;86.2920000;86.4555000
EURRUB;D;20210901;000000;86.5600000;86.7460000;86.1900000;86.3708000
EURRUB;D;20210902;000000;86.4470000;86.8320000;86.0880000;86.3830000
EURRUB;D;20210903;000000;86.7430000;86.7660000;86.1900000;86.5040000
EURRUB;D;20210905;000000;86.5050000;86.6450000;86.2500000;86.4627000
EURRUB;D;20210906;000000;86.4631000;86.7650000;86.2237000;86.6009000
EURRUB;D;20210907;000000;86.6009000;87.1050000;86.4620000;86.8842000
EURRUB;D;20210908;000000;86.8834000;86.9511000;86.2360000;86.4460000
EURRUB;D;20210909;000000;86.3870000;86.6720000;85.9650000;86.1360000
EURRUB;D;20210910;000000;86.1630000;86.5312000;85.9578000;86.3430000
EURRUB;D;20210912;000000;86.4260000;86.4730000;86.0940000;86.3590000
EURRUB;D;20210913;000000;86.2800000;86.3600000;85.5971000;85.6920000
EURRUB;D;20210914;000000;85.7740000;86.2735000;85.6460000;85.9625000
EURRUB;D;20210915;000000;85.9331000;86.5690000;85.2000000;85.2744000
EURRUB;D;20210916;000000;85.3504000;85.5195000;84.9730000;85.1693000
EURRUB;D;20210917;000000;85.2820000;85.6534000;85.1110000;85.4530000
EURRUB;D;20210919;000000;85.4720000;85.5250000;85.2790000;85.4370000
EURRUB;D;20210920;000000;85.5200000;86.4740000;85.1640000;85.8840000
EURRUB;D;20210921;000000;86.5842000;86.5843000;85.4080000;85.5200000
EURRUB;D;20210922;000000;85.5870000;85.7240000;85.1443000;85.3080000
EURRUB;D;20210923;000000;85.3010000;85.5744000;84.9660000;85.2348000
EURRUB;D;20210924;000000;85.2511000;85.7504000;85.0406000;85.5510000
EURRUB;D;20210926;000000;85.1700000;85.4900000;85.0560000;85.0970000
EURRUB;D;20210927;000000;85.0783000;85.3360000;84.7027000;84.7787000
EURRUB;D;20210928;000000;84.8100000;85.2988000;84.4900000;85.0126000
EURRUB;D;20210929;000000;85.0126000;85.1590000;84.3594000;84.3921000
EURRUB;D;20210930;000000;84.3918000;84.5680000;83.9680000;84.0512000
EURRUB;D;20211001;000000;84.1920000;84.8574000;83.9765000;84.3240000
EURRUB;D;20211003;000000;84.3440000;84.4270000;84.1552000;84.3094000
EURRUB;D;20211004;000000;84.4560000;84.7898000;83.9712000;84.1228000
EURRUB;D;20211005;000000;84.0704000;84.2999000;83.6800000;83.7761000
EURRUB;D;20211006;000000;83.7761000;84.0129000;83.4518000;83.6016000
EURRUB;D;20211007;000000;83.5921000;83.7340000;82.6880000;82.9326000
EURRUB;D;20211008;000000;82.9383000;83.3236000;82.7200000;83.1100000
EURRUB;D;20211010;000000;83.1080000;83.1920000;82.9261000;82.9788000
EURRUB;D;20211011;000000;82.9788000;83.2350000;82.6926000;82.9837000
EURRUB;D;20211012;000000;82.9837000;83.2990000;82.5980000;82.7981000
EURRUB;D;20211013;000000;82.7987000;83.6250000;82.7155000;83.4944000
EURRUB;D;20211014;000000;83.4931000;83.6552000;82.6240000;82.7010000
EURRUB;D;20211015;000000;82.7010000;82.9206000;82.1925000;82.4860000
EURRUB;D;20211017;000000;82.3400000;82.5800000;82.1880000;82.2733000
EURRUB;D;20211018;000000;82.2738000;82.8340000;82.0820000;82.6848000
EURRUB;D;20211019;000000;82.6231000;82.8884000;82.1550000;82.3612000
EURRUB;D;20211020;000000;82.3778000;82.7664000;82.1900000;82.4588000
EURRUB;D;20211021;000000;82.4595000;82.9822000;82.4000000;82.6032000
EURRUB;D;20211022;000000;82.5803000;82.7330000;81.1499000;81.7140000
EURRUB;D;20211024;000000;81.6930000;81.9960000;81.5110000;81.6880000
EURRUB;D;20211025;000000;81.8121000;82.1160000;80.8000000;80.8870000
EURRUB;D;20211026;000000;80.9391000;81.0140000;80.3817000;80.4140000
EURRUB;D;20211027;000000;80.4680000;82.0270000;80.3350000;81.8220000
EURRUB;D;20211028;000000;81.8030000;82.2060000;81.3818000;81.8890000
EURRUB;D;20211029;000000;81.8890000;82.4480000;81.6950000;81.9610000
EURRUB;D;20211031;000000;80.8820000;82.1400000;80.8300000;81.8537000
EURRUB;D;20211101;000000;81.8720000;83.1050000;81.6660000;82.9980000
EURRUB;D;20211102;000000;83.0030000;83.5060000;82.6880000;82.8270000
EURRUB;D;20211103;000000;82.8260000;83.9710000;82.6059000;83.1960000
EURRUB;D;20211104;000000;83.2236000;83.4230000;82.0480000;82.5450000
EURRUB;D;20211105;000000;82.4499000;83.1399000;81.6960000;82.4630000
EURRUB;D;20211107;000000;82.1540000;82.4920000;81.9100000;82.0450000
EURRUB;D;20211108;000000;82.3820000;82.7260000;82.1767000;82.4408000
EURRUB;D;20211109;000000;82.4600000;82.7510000;81.7600000;81.9630000
EURRUB;D;20211110;000000;81.9630000;82.1580000;81.5308000;81.7540000
EURRUB;D;20211111;000000;81.7520000;82.6000000;81.2480000;81.8730000
EURRUB;D;20211112;000000;81.8740000;83.7710000;81.7280000;83.3820000
EURRUB;D;20211114;000000;83.6680000;83.6680000;82.8910000;83.1960000
EURRUB;D;20211115;000000;83.0711000;83.3560000;82.2380000;82.2920000
EURRUB;D;20211116;000000;82.2920000;83.4120000;82.2587000;82.6864000
EURRUB;D;20211117;000000;82.6862000;82.8820000;81.6960000;82.1090000
EURRUB;D;20211118;000000;82.1090000;83.1960000;82.0172000;83.0061000
EURRUB;D;20211119;000000;83.0270000;83.1590000;82.3355000;82.9960000
EURRUB;D;20211121;000000;82.9510000;83.1590000;82.4980000;82.6890000
EURRUB;D;20211122;000000;82.7340000;84.5290000;82.4643000;84.2243000
EURRUB;D;20211123;000000;84.2360000;84.6700000;83.3081000;83.4540000
EURRUB;D;20211124;000000;83.4540000;84.0130000;83.1960000;83.8395000
EURRUB;D;20211125;000000;83.9140000;84.0330000;83.3060000;83.3060000
EURRUB;D;20211126;000000;83.5930000;85.7190000;83.5780000;85.5930000
EURRUB;D;20211128;000000;85.8180000;85.8180000;84.7670000;84.9030000
EURRUB;D;20211129;000000;84.9030000;85.0800000;83.6060000;84.0360000
EURRUB;D;20211130;000000;84.0360000;85.2220000;83.3920000;83.9840000
EURRUB;D;20211201;000000;83.9300000;84.2140000;83.4150000;83.7530000
EURRUB;D;20211202;000000;83.7100000;84.1760000;82.8780000;83.1790000
EURRUB;D;20211203;000000;83.1780000;83.7200000;82.8969000;83.6860000
EURRUB;D;20211205;000000;83.3480000;83.6534000;83.1310000;83.3130000
EURRUB;D;20211206;000000;83.4620000;84.0040000;82.8800000;83.8342000
EURRUB;D;20211207;000000;83.8690000;84.2590000;82.9440000;83.4230000
EURRUB;D;20211208;000000;83.4400000;83.6380000;82.8969000;83.2710000
EURRUB;D;20211209;000000;83.6320000;83.6320000;82.8310000;83.1060000
EURRUB;D;20211210;000000;83.1050000;83.3620000;82.5446000;83.0470000
EURRUB;D;20211212;000000;83.0570000;83.1130000;82.9181000;83.0310000
EURRUB;D;20211213;000000;83.0190000;83.2420000;82.5873000;82.8316000
EURRUB;D;20211214;000000;82.8410000;83.3120000;82.6240000;82.9781000
EURRUB;D;20211215;000000;83.0150000;83.7360000;82.9320000;83.0436000
EURRUB;D;20211216;000000;83.1002000;83.7400000;82.8691000;83.7400000
EURRUB;D;20211217;000000;83.5630000;83.8730000;83.1818000;83.2090000
EURRUB;D;20211219;000000;83.3570000;83.4590000;83.0390000;83.3970000
EURRUB;D;20211220;000000;83.4020000;84.0000000;83.1060000;83.4340000
EURRUB;D;20211221;000000;83.4340000;83.8120000;83.1526000;83.8110000
EURRUB;D;20211222;000000;83.8200000;84.7600000;82.9066000;83.3154000
EURRUB;D;20211223;000000;83.3146000;83.5450000;82.7848000;82.9640000
EURRUB;D;20211224;000000;82.9237000;83.4600000;82.8244000;83.3420000
EURRUB;D;20211226;000000;83.2998000;83.3540000;82.7200000;83.0350000
EURRUB;D;20211227;000000;83.0330000;83.4340000;82.6560000;83.1410000
EURRUB;D;20211228;000000;83.1620000;83.5230000;82.9000000;83.3300000
EURRUB;D;20211229;000000;83.3190000;84.2780000;83.0009000;84.0790000
EURRUB;D;20211230;000000;84.0380000;85.1630000;83.7968000;84.4430000
EURRUB;D;20211231;000000;84.1460000;85.6330000;84.0790000;85.3770000
EURRUB;D;20220102;000000;85.1490000;85.5420000;84.9680000;85.0930000
EURRUB;D;20220103;000000;84.9760000;85.2989000;83.7550000;83.7870000
EURRUB;D;20220104;000000;84.1480000;85.3020000;84.0194000;84.8443000
EURRUB;D;20220105;000000;84.8425000;86.9310000;84.6840000;86.5580000
EURRUB;D;20220106;000000;86.6240000;87.4760000;85.9604000;86.1980000
EURRUB;D;20220107;000000;86.0570000;86.4710000;85.0340000;85.7130000
EURRUB;D;20220109;000000;85.9770000;86.0570000;85.5421000;85.5564000
EURRUB;D;20220110;000000;85.5505000;86.0530000;84.6370000;84.6951000
EURRUB;D;20220111;000000;84.7174000;85.2180000;84.3580000;84.5419000
EURRUB;D;20220112;000000;84.5700000;85.6070000;84.4290000;85.2180000
EURRUB;D;20220113;000000;85.2180000;87.8060000;85.1480000;87.3160000
EURRUB;D;20220114;000000;87.3545000;88.1570000;86.6539000;87.0170000
EURRUB;D;20220116;000000;87.0180000;87.4320000;86.9141000;86.9792000
EURRUB;D;20220117;000000;86.9807000;87.7740000;86.0540000;86.9260000
EURRUB;D;20220118;000000;86.9040000;87.4030000;86.4639000;87.1880000
EURRUB;D;20220119;000000;87.1890000;87.3970000;85.9443000;86.5390000
EURRUB;D;20220120;000000;86.5410000;87.1760000;86.0970000;86.6190000
EURRUB;D;20220121;000000;86.6400000;88.4310000;86.4685000;88.0310000
EURRUB;D;20220123;000000;87.7700000;88.0100000;87.5987000;87.7430000
EURRUB;D;20220124;000000;87.7430000;89.9390000;87.0644000;89.0630000
EURRUB;D;20220125;000000;88.9247000;89.4730000;88.4225000;89.0010000
EURRUB;D;20220126;000000;89.0040000;90.7110000;88.7250000;89.2330000
EURRUB;D;20220127;000000;89.2430000;89.4450000;86.1650000;86.9126000
EURRUB;D;20220128;000000;86.9157000;87.3650000;86.1196000;87.2770000
EURRUB;D;20220130;000000;86.7890000;87.0898000;86.6350000;87.0501000
EURRUB;D;20220131;000000;87.0594000;87.0750000;86.1978000;86.6530000
EURRUB;D;20220201;000000;86.7371000;87.1750000;85.8909000;86.4330000
EURRUB;D;20220202;000000;86.3440000;86.5510000;85.6506000;85.9760000
EURRUB;D;20220203;000000;85.9747000;87.7325000;85.7970000;87.5080000
EURRUB;D;20220204;000000;87.1700000;87.6290000;86.3760000;86.5700000
EURRUB;D;20220206;000000;86.7350000;87.5380000;86.6290000;86.8854000
EURRUB;D;20220207;000000;86.8870000;87.2850000;85.9370000;86.2302000
EURRUB;D;20220208;000000;86.2310000;86.3860000;85.4300000;85.6490000
EURRUB;D;20220209;000000;85.6520000;85.9040000;85.0793000;85.2540000
EURRUB;D;20220210;000000;85.2530000;85.8910000;84.7159000;85.5210000
EURRUB;D;20220211;000000;85.5210000;88.1790000;85.1295000;87.5060000
EURRUB;D;20220213;000000;87.5140000;88.1750000;87.3590000;88.0990000
EURRUB;D;20220214;000000;88.1370000;88.6660000;86.0200000;86.3817000
EURRUB;D;20220215;000000;86.3900000;86.9020000;85.0340000;85.6170000
EURRUB;D;20220216;000000;85.6170000;85.8160000;85.0680000;85.5270000
EURRUB;D;20220217;000000;85.5610000;87.0825000;85.0956000;86.6080000
EURRUB;D;20220218;000000;86.6030000;87.8970000;85.9262000;87.6890000
EURRUB;D;20220220;000000;87.5490000;88.5270000;87.4971000;88.3170000
EURRUB;D;20220221;000000;88.3170000;90.8850000;86.5716000;90.7600000
EURRUB;D;20220222;000000;90.7590000;91.4196000;88.9729000;89.1920000
EURRUB;D;20220223;000000;89.4130000;92.1730000;88.8684000;91.6923000
EURRUB;D;20220224;000000;91.6904000;100.9624000;90.7823000;95.0022000
EURRUB;D;20220225;000000;95.0071000;96.2604000;91.3941000;94.5760000
EURRUB;D;20220227;000000;94.2770000;94.2770000;93.2918000;93.7442000
EURRUB;D;20220228;000000;93.7598000;127.2050000;92.8500000;119.4770000
EURRUB;D;20220301;000000;117.6910000;129.4410000;107.0260000;120.7800000
EURRUB;D;20220302;000000;122.3990000;125.7230000;111.2100000;114.2060000
EURRUB;D;20220303;000000;114.1800000;130.4302000;108.7930000;121.3110000
EURRUB;D;20220304;000000;121.3000000;126.6732000;110.5501000;113.9690000
EURRUB;D;20220307;000000;147.5120000;168.1890000;139.5360000;151.3490000
EURRUB;D;20220308;000000;145.7370000;153.0380000;131.9660000;141.6434000
EURRUB;D;20220309;000000;138.1030000;150.5390000;127.3970000;132.8667000
EURRUB;D;20220310;000000;132.7020000;133.7973000;128.0746000;131.0645000
EURRUB;D;20220313;000000;141.4450000;145.3990000;141.4090000;145.3990000
EURRUB;D;20220314;000000;145.3040000;145.3660000;120.8130000;131.3310000
EURRUB;D;20220315;000000;131.4340000;131.5450000;113.2950000;118.7480000
EURRUB;D;20220316;000000;119.7660000;120.1450000;111.1971000;111.1971000
EURRUB;D;20220317;000000;107.5390000;116.6495000;107.3150000;113.2000000
EURRUB;D;20220318;000000;113.2210000;119.4700000;111.9410000;116.5830000
EURRUB;D;20220320;000000;117.6130000;117.6557000;111.5871000;111.6540000
EURRUB;D;20220321;000000;111.6600000;118.2770000;111.5770000;117.5110000
EURRUB;D;20220322;000000;117.2120000;117.9680000;113.9691000;116.9190000
EURRUB;D;20220323;000000;116.7820000;118.0510000;105.5230000;106.4670000
EURRUB;D;20220324;000000;106.7000000;113.3930000;105.4300000;113.3930000
EURRUB;D;20220325;000000;112.5230000;113.8750000;107.4110000;112.0150000
EURRUB;D;20220327;000000;110.7644000;110.8160000;110.7039000;110.7680000
EURRUB;D;20220328;000000;110.4050000;111.1250000;104.2907000;106.1060000
EURRUB;D;20220329;000000;105.2190000;105.2670000;95.0230000;98.6084000
EURRUB;D;20220330;000000;98.2670000;98.2980000;92.7200000;93.1890000
EURRUB;D;20220331;000000;92.9580000;94.9590000;89.4750000;90.4950000
EURRUB;D;20220401;000000;90.4420000;95.5350000;89.9560000;94.7330000
EURRUB;D;20220403;000000;92.8020000;93.0360000;92.6545000;93.0300000
EURRUB;D;20220404;000000;94.7540000;94.9640000;91.0350000;91.9010000
EURRUB;D;20220405;000000;91.6470000;94.1680000;90.7300000;91.6120000
EURRUB;D;20220406;000000;91.6130000;93.2170000;89.4060000;89.4970000
EURRUB;D;20220407;000000;92.3990000;93.0730000;84.7836000;86.0870000
EURRUB;D;20220408;000000;86.0950000;87.9420000;82.6792000;87.3440000
EURRUB;D;20220410;000000;85.2350000;87.8420000;85.2350000;87.7760000
EURRUB;D;20220411;000000;87.3820000;92.8070000;87.3530000;90.8170000
EURRUB;D;20220412;000000;90.8210000;93.4120000;89.6490000;92.3650000
EURRUB;D;20220413;000000;92.4440000;92.5140000;88.4970000;89.8600000
EURRUB;D;20220414;000000;89.8690000;91.0000000;88.6880000;89.3830000
EURRUB;D;20220415;000000;89.3290000;90.8980000;87.1970000;89.6110000
EURRUB;D;20220417;000000;90.0040000;90.1380000;89.9040000;90.0180000
EURRUB;D;20220418;000000;90.0030000;90.5910000;86.3960000;90.5340000
EURRUB;D;20220419;000000;90.5130000;90.7710000;85.4340000;87.3770000
EURRUB;D;20220420;000000;87.1200000;91.5020000;86.6870000;89.7770000
EURRUB;D;20220421;000000;89.7830000;89.7830000;86.0610000;87.6170000
EURRUB;D;20220422;000000;87.6380000;88.0060000;82.4310000;83.3880000
EURRUB;D;20220424;000000;83.8410000;87.2359000;83.5258000;83.5790000
EURRUB;D;20220425;000000;83.5410000;83.8910000;79.0530000;81.1310000
EURRUB;D;20220426;000000;80.7410000;82.0100000;78.6450000;80.3870000
EURRUB;D;20220427;000000;80.8920000;81.3110000;77.7450000;77.9520000
EURRUB;D;20220428;000000;78.0510000;79.0340000;75.6220000;76.3247000
EURRUB;D;20220429;000000;76.4590000;77.2230000;74.2130000;75.6350000
EURRUB;D;20220501;000000;75.3130000;77.3183000;75.3130000;77.3183000
EURRUB;D;20220502;000000;79.1160000;79.1160000;73.6770000;74.2030000
EURRUB;D;20220503;000000;74.3180000;75.7430000;69.8830000;71.7651000
EURRUB;D;20220504;000000;71.6820000;72.1754000;69.1760000;70.2270000
EURRUB;D;20220505;000000;70.2500000;73.2190000;67.5490000;68.3190000
EURRUB;D;20220506;000000;68.3260000;72.9290000;68.2760000;72.1270000
EURRUB;D;20220508;000000;73.2018000;73.2141000;73.1740000;73.1740000
EURRUB;D;20220509;000000;71.8690000;74.7650000;71.7060000;72.8330000
EURRUB;D;20220510;000000;73.7190000;74.5730000;72.1110000;73.1960000
EURRUB;D;20220511;000000;73.5520000;75.1030000;69.5180000;70.1810000
EURRUB;D;20220512;000000;70.1600000;71.1980000;66.8970000;67.1340000
EURRUB;D;20220513;000000;67.8370000;68.5385000;66.0310000;67.3320000
EURRUB;D;20220515;000000;69.1064000;69.1263000;69.0732000;69.1064000
EURRUB;D;20220516;000000;67.4300000;67.6240000;66.3080000;67.4330000
EURRUB;D;20220517;000000;68.5360000;69.8870000;66.8903000;68.5460000
EURRUB;D;20220518;000000;69.0720000;69.2750000;66.6252000;67.2060000
EURRUB;D;20220519;000000;67.2880000;68.5650000;64.8492000;65.6721000
EURRUB;D;20220520;000000;65.6744000;67.5760000;61.3602000;65.4910000
EURRUB;D;20220522;000000;64.2920000;64.2990000;64.2059000;64.2622000
EURRUB;D;20220523;000000;63.5348000;64.4810000;61.0340000;62.9520000
EURRUB;D;20220524;000000;62.5470000;62.8080000;60.1630000;62.1966000
EURRUB;D;20220525;000000;60.5103000;65.1710000;59.6508000;65.1710000
EURRUB;D;20220526;000000;64.1488000;69.6044000;62.6917000;68.9390000
EURRUB;D;20220527;000000;69.4450000;73.1950000;68.2330000;70.5560000
EURRUB;D;20220529;000000;71.2979000;71.3780000;71.2979000;71.3580000
EURRUB;D;20220530;000000;71.4176000;72.4980000;66.2829000;68.9175000
EURRUB;D;20220531;000000;68.9220000;69.1970000;65.6121000;67.3480000
EURRUB;D;20220601;000000;65.9585000;68.9930000;65.2769000;67.6200000
EURRUB;D;20220602;000000;68.7330000;69.0400000;65.4972000;68.2530000
EURRUB;D;20220603;000000;68.3770000;68.5770000;65.5641000;67.9020000
EURRUB;D;20220605;000000;67.7940000;67.9910000;67.5620000;67.9720000
EURRUB;D;20220606;000000;68.0910000;68.1050000;64.4050000;65.6280000
EURRUB;D;20220607;000000;65.7210000;66.8930000;64.7463000;66.0870000
EURRUB;D;20220608;000000;65.0323000;66.6460000;64.2073000;65.1080000
EURRUB;D;20220609;000000;65.3560000;65.9640000;60.9847000;61.5690000
EURRUB;D;20220610;000000;62.7117000;63.6970000;58.0040000;58.0040000
EURRUB;D;20220612;000000;61.2690000;61.2690000;61.1312000;61.2500000
EURRUB;D;20220613;000000;61.1100000;61.3550000;58.9280000;60.1250000
EURRUB;D;20220614;000000;59.9500000;61.9760000;58.6822000;60.8130000
EURRUB;D;20220615;000000;61.0030000;61.0970000;58.6700000;59.7381000
EURRUB;D;20220616;000000;61.8680000;62.0740000;58.7496000;61.6881000
EURRUB;D;20220617;000000;59.4776000;61.6510000;58.3700000;61.6470000
EURRUB;D;20220619;000000;57.7440000;61.3232000;57.7440000;59.5260000
EURRUB;D;20220620;000000;59.5390000;60.0490000;58.0220000;58.3470000
EURRUB;D;20220621;000000;57.6220000;58.6852000;55.9960000;56.7420000
EURRUB;D;20220622;000000;56.5298000;58.0555000;55.3938000;57.0500000
EURRUB;D;20220623;000000;56.1450000;57.7420000;55.7050000;57.2846000
EURRUB;D;20220624;000000;59.0130000;59.1550000;55.8668000;57.2040000
EURRUB;D;20220626;000000;56.2994000;56.3550000;56.2875000;56.2929000
EURRUB;D;20220627;000000;55.9233000;58.5640000;55.9233000;58.0910000
EURRUB;D;20220628;000000;56.4724000;58.0220000;55.5830000;57.2831000
EURRUB;D;20220629;000000;54.5119000;56.4990000;53.2070000;54.2285000
EURRUB;D;20220630;000000;55.1558000;57.6111000;54.1996000;57.4840000
EURRUB;D;20220701;000000;53.8631000;58.4190000;53.7833000;57.4560000
EURRUB;D;20220703;000000;58.1910000;58.1910000;56.2138000;56.2339000
EURRUB;D;20220704;000000;56.3700000;58.7770000;55.8270000;58.3088000
EURRUB;D;20220705;000000;57.3341000;66.1870000;57.2476000;64.1620000
EURRUB;D;20220706;000000;64.3490000;66.1840000;62.6170000;64.7220000
EURRUB;D;20220707;000000;64.6620000;66.1640000;63.9235000;64.0851000
EURRUB;D;20220708;000000;64.0945000;66.5610000;61.4972000;64.8620000
EURRUB;D;20220710;000000;66.0148000;66.0710000;65.9760000;65.9770000
EURRUB;D;20220711;000000;65.9730000;65.9730000;61.3470000;65.2870000
EURRUB;D;20220712;000000;59.3199000;61.1700000;58.5181000;58.5519000
EURRUB;D;20220713;000000;58.5666000;60.4680000;58.3654000;58.6124000
EURRUB;D;20220714;000000;58.5939000;59.6450000;57.9421000;58.3759000
EURRUB;D;20220715;000000;58.3642000;59.6350000;56.9150000;56.9850000
EURRUB;D;20220717;000000;55.9950000;56.0470000;55.9750000;56.0470000
EURRUB;D;20220718;000000;56.0520000;59.4400000;56.0240000;57.7795000
EURRUB;D;20220719;000000;57.0645000;58.4240000;56.3365000;57.8290000
EURRUB;D;20220720;000000;57.8480000;57.8840000;55.7420000;56.9368000
EURRUB;D;20220721;000000;56.2760000;60.8430000;55.9047000;59.2456000
EURRUB;D;20220722;000000;59.2220000;60.2040000;57.0320000;59.3470000
EURRUB;D;20220724;000000;59.3530000;59.3930000;59.2863000;59.3690000
EURRUB;D;20220725;000000;59.3270000;60.3240000;58.1850000;59.7880000
EURRUB;D;20220726;000000;59.0467000;62.0310000;58.9991000;60.8960000
EURRUB;D;20220727;000000;61.3456000;62.1850000;59.9336000;60.5900000
EURRUB;D;20220728;000000;60.5350000;63.7220000;60.3847000;63.6920000
EURRUB;D;20220729;000000;61.9969000;64.9290000;61.9459000;63.6500000
EURRUB;D;20220731;000000;63.6100000;63.6160000;63.5529000;63.5760000
EURRUB;D;20220801;000000;63.0926000;64.9660000;61.7770000;63.0840000
EURRUB;D;20220802;000000;63.9980000;64.0610000;60.9030000;61.9960000
EURRUB;D;20220803;000000;61.5530000;63.7128000;60.9722000;62.6100000
EURRUB;D;20220804;000000;62.2510000;63.5320000;61.0953000;61.6782000
EURRUB;D;20220805;000000;62.3020000;62.5050000;61.3301000;61.6040000
EURRUB;D;20220807;000000;61.6040000;61.6040000;61.4943000;61.5133000
EURRUB;D;20220808;000000;61.5169000;63.1750000;60.9355000;63.0730000
EURRUB;D;20220809;000000;63.0140000;63.0150000;61.2971000;61.6818000
EURRUB;D;20220810;000000;61.6751000;63.8140000;61.4340000;63.2818000
EURRUB;D;20220811;000000;62.0892000;63.6940000;62.0312000;62.5147000
EURRUB;D;20220812;000000;62.5188000;63.5940000;62.0800000;63.0840000
EURRUB;D;20220814;000000;62.3610000;63.0920000;62.3370000;63.0310000
EURRUB;D;20220815;000000;63.3290000;63.3720000;61.9846000;62.4910000
EURRUB;D;20220816;000000;62.4410000;62.6090000;61.4900000;62.4795000
EURRUB;D;20220817;000000;61.9189000;62.2830000;61.0860000;61.4968000
EURRUB;D;20220818;000000;61.5550000;61.9930000;60.2970000;60.4689000
EURRUB;D;20220819;000000;60.3400000;60.3520000;59.0640000;59.7250000
EURRUB;D;20220821;000000;59.7100000;59.7380000;59.6377000;59.6490000
EURRUB;D;20220822;000000;59.6620000;60.2560000;58.5050000;59.7179000
EURRUB;D;20220823;000000;59.7450000;60.3270000;58.6230000;60.0650000
EURRUB;D;20220824;000000;59.9670000;60.1940000;59.2371000;59.5727000
EURRUB;D;20220825;000000;59.5727000;60.6530000;59.0110000;59.9890000
EURRUB;D;20220826;000000;59.9800000;60.9840000;59.4360000;60.0730000
EURRUB;D;20220828;000000;60.0790000;60.0790000;59.6000000;59.9200000
EURRUB;D;20220829;000000;59.9280000;61.8860000;59.4280000;61.6911000
EURRUB;D;20220830;000000;61.7770000;61.7810000;59.9880000;60.0314000
EURRUB;D;20220831;000000;60.1630000;61.3360000;60.0017000;60.3370000
EURRUB;D;20220901;000000;60.3290000;61.1680000;59.4430000;59.9190000
EURRUB;D;20220902;000000;59.9160000;61.0480000;58.9980000;60.0030000
EURRUB;D;20220904;000000;59.8726000;60.5090000;59.6465000;59.6810000
EURRUB;D;20220905;000000;59.7510000;61.4810000;59.5820000;60.5430000
EURRUB;D;20220906;000000;60.2480000;61.3890000;60.2331000;60.6350000
EURRUB;D;20220907;000000;60.6480000;62.4740000;59.9580000;62.4370000
EURRUB;D;20220908;000000;62.3890000;62.5190000;60.2490000;61.4335000
EURRUB;D;20220909;000000;60.3170000;61.5990000;60.3150000;60.8160000
EURRUB;D;20220911;000000;60.4080000;61.0690000;60.3240000;60.9340000
EURRUB;D;20220912;000000;62.6100000;62.8020000;60.7980000;60.9240000
EURRUB;D;20220913;000000;61.1890000;61.8340000;59.2285000;61.7250000
EURRUB;D;20220914;000000;61.7560000;61.8010000;59.4810000;59.5627000
EURRUB;D;20220915;000000;59.5525000;60.7490000;59.3518000;59.4990000
EURRUB;D;20220916;000000;59.5073000;61.1420000;59.4936000;60.4960000
EURRUB;D;20220918;000000;60.5720000;60.5740000;60.5360000;60.5590000
EURRUB;D;20220919;000000;60.0591000;60.7910000;59.8393000;60.2073000
EURRUB;D;20220920;000000;60.2097000;61.9980000;59.8150000;61.9980000
EURRUB;D;20220921;000000;61.1970000;61.9460000;59.7985000;60.5593000
EURRUB;D;20220922;000000;59.5623000;60.2250000;58.3610000;58.8090000
EURRUB;D;20220923;000000;59.1898000;59.1898000;55.5320000;56.0820000
EURRUB;D;20220925;000000;55.4600000;55.7600000;55.3050000;55.6970000
EURRUB;D;20220926;000000;55.7130000;56.6629000;55.0920000;56.1621000
EURRUB;D;20220927;000000;56.0445000;57.1230000;55.6966000;56.4810000
EURRUB;D;20220928;000000;55.7708000;56.9580000;55.5094000;56.2940000
EURRUB;D;20220929;000000;55.7260000;57.2740000;55.3564000;56.4960000
EURRUB;D;20220930;000000;56.4310000;60.1540000;55.1962000;58.9320000
EURRUB;D;20221002;000000;58.4880000;59.0890000;58.4880000;58.9810000
EURRUB;D;20221003;000000;58.9870000;59.1820000;55.9631000;57.0003000
EURRUB;D;20221004;000000;57.0119000;59.4920000;56.8497000;58.8776000
EURRUB;D;20221005;000000;58.8764000;60.5810000;57.8528000;59.8110000
EURRUB;D;20221006;000000;59.8150000;60.6870000;59.1818000;59.1997000
EURRUB;D;20221007;000000;59.2239000;61.1010000;59.1858000;60.5530000
EURRUB;D;20221009;000000;62.6190000;62.6190000;62.5676000;62.5676000
EURRUB;D;20221010;000000;59.6040000;62.1290000;59.5386000;61.3180000
EURRUB;D;20221011;000000;61.2620000;63.5228000;61.2128000;63.5147000
EURRUB;D;20221012;000000;61.6196000;64.1120000;61.4379000;63.9590000
EURRUB;D;20221013;000000;63.9160000;64.0370000;61.1690000;63.2150000
EURRUB;D;20221014;000000;62.2160000;62.8290000;59.9070000;60.9060000
EURRUB;D;20221016;000000;60.5060000;61.0250000;60.5060000;61.0180000
EURRUB;D;20221017;000000;61.0160000;61.2660000;59.9270000;61.0570000
EURRUB;D;20221018;000000;61.1040000;61.4730000;60.4160000;61.1200000
EURRUB;D;20221019;000000;60.7330000;61.1620000;59.8830000;60.2810000
EURRUB;D;20221020;000000;59.5550000;60.7710000;59.5550000;60.0560000
EURRUB;D;20221021;000000;60.1010000;60.8270000;59.5490000;60.6240000
EURRUB;D;20221023;000000;60.7640000;60.9310000;60.6360000;60.7750000
EURRUB;D;20221024;000000;60.5040000;61.7130000;60.0790000;60.7210000
EURRUB;D;20221025;000000;60.5510000;61.9630000;60.2880000;61.0630000
EURRUB;D;20221026;000000;60.6920000;62.2040000;60.6840000;61.7860000
EURRUB;D;20221027;000000;61.7630000;62.2220000;61.0850000;61.1150000
EURRUB;D;20221028;000000;61.1060000;62.2050000;60.9480000;61.3150000
EURRUB;D;20221030;000000;61.2530000;61.2530000;61.2060000;61.2390000
EURRUB;D;20221031;000000;61.2760000;61.8440000;60.6690000;61.3630000
EURRUB;D;20221101;000000;61.3390000;62.5920000;60.6900000;62.5920000
EURRUB;D;20221102;000000;62.6040000;62.7190000;60.1730000;60.6250000
EURRUB;D;20221103;000000;59.6910000;61.3600000;59.4820000;60.9070000
EURRUB;D;20221104;000000;60.9190000;62.1280000;60.1320000;61.7540000
EURRUB;D;20221106;000000;60.5330000;61.5860000;60.4930000;61.5470000
EURRUB;D;20221107;000000;61.5470000;63.3230000;60.9380000;63.3060000
EURRUB;D;20221108;000000;63.2970000;63.3830000;60.8200000;61.1790000
EURRUB;D;20221109;000000;61.3500000;61.9860000;60.9570000;61.5680000
EURRUB;D;20221110;000000;62.0490000;62.7570000;60.6280000;61.5960000
EURRUB;D;20221111;000000;61.5770000;63.2170000;61.4200000;62.6880000
EURRUB;D;20221113;000000;62.7320000;62.7320000;61.4450000;61.5250000
EURRUB;D;20221114;000000;61.5200000;63.6910000;61.4960000;63.6200000
EURRUB;D;20221115;000000;63.6230000;63.6430000;62.4640000;63.3640000
EURRUB;D;20221116;000000;63.6450000;63.9260000;62.5080000;63.4920000
EURRUB;D;20221117;000000;63.5000000;63.5040000;62.2030000;63.1360000
EURRUB;D;20221118;000000;63.1220000;63.2970000;62.3480000;62.4190000
EURRUB;D;20221120;000000;62.3270000;62.3990000;61.7660000;62.3890000
EURRUB;D;20221121;000000;61.9840000;62.9520000;61.7440000;62.1230000
EURRUB;D;20221122;000000;62.1210000;62.9420000;62.1210000;62.6470000
EURRUB;D;20221123;000000;62.6770000;63.2340000;62.3130000;63.1950000
EURRUB;D;20221124;000000;63.2430000;64.0850000;62.4200000;63.0490000
EURRUB;D;20221125;000000;63.0510000;63.9460000;62.6850000;63.1530000
EURRUB;D;20221127;000000;62.9200000;62.9320000;62.8780000;62.8780000
EURRUB;D;20221128;000000;62.3430000;64.4570000;61.5630000;63.0410000
EURRUB;D;20221129;000000;63.0430000;63.9100000;62.8000000;62.8000000
EURRUB;D;20221130;000000;62.8060000;63.7060000;62.6570000;63.3890000
EURRUB;D;20221201;000000;63.3880000;65.4770000;63.3590000;64.2620000
EURRUB;D;20221202;000000;64.4370000;65.8940000;64.3440000;64.9210000
EURRUB;D;20221204;000000;65.8640000;65.8640000;64.8210000;64.8440000
EURRUB;D;20221205;000000;64.8780000;66.3970000;64.8440000;65.6550000
EURRUB;D;20221206;000000;64.8340000;66.7560000;64.2350000;65.3370000
EURRUB;D;20221207;000000;65.3080000;66.7410000;64.4120000;65.5060000
EURRUB;D;20221208;000000;65.1340000;66.9440000;65.0920000;66.7220000
EURRUB;D;20221209;000000;66.7400000;66.7400000;65.7280000;65.8860000
EURRUB;D;20221211;000000;65.8480000;65.8660000;65.7820000;65.7890000
EURRUB;D;20221212;000000;65.7310000;66.7870000;65.5930000;66.3250000
EURRUB;D;20221213;000000;66.5620000;66.5620000;66.5620000;66.5620000
EURRUB;D;20221214;000000;67.1750000;69.4940000;67.1680000;69.4940000
EURRUB;D;20221215;000000;68.9890000;68.9890000;68.9890000;68.9890000
EURRUB;D;20221216;000000;68.9340000;68.9340000;68.9340000;68.9340000
EURRUB;D;20221218;000000;68.7500000;68.7500000;67.7520000;67.7520000
EURRUB;D;20221219;000000;68.7380000;73.5430000;68.7380000;71.7950000
EURRUB;D;20221220;000000;71.9600000;75.4790000;71.3620000;74.6330000
EURRUB;D;20221221;000000;76.2010000;77.0620000;74.7030000;75.6990000
EURRUB;D;20221222;000000;75.7060000;77.4720000;72.0720000;72.1050000
EURRUB;D;20221223;000000;72.6210000;74.3480000;71.7600000;73.3780000
EURRUB;D;20221225;000000;73.3800000;73.3800000;73.3490000;73.3710000
EURRUB;D;20221226;000000;72.2180000;74.4570000;72.2180000;72.7360000
EURRUB;D;20221227;000000;73.4080000;75.4050000;72.7700000;74.7330000
EURRUB;D;20221228;000000;74.7680000;77.7170000;74.6610000;77.7170000
EURRUB;D;20221229;000000;77.6980000;79.5710000;75.8550000;79.1310000
EURRUB;D;20221230;000000;79.1470000;80.2760000;74.8420000;78.6790000
EURRUB;D;20230101;000000;78.9320000;78.9320000;78.6600000;78.6600000
EURRUB;D;20230102;000000;78.9020000;78.9470000;76.1680000;76.2580000
EURRUB;D;20230103;000000;75.6160000;77.4960000;74.5990000;77.1320000
EURRUB;D;20230104;000000;77.2150000;77.9140000;74.5860000;76.3390000
EURRUB;D;20230105;000000;76.0760000;77.0960000;74.8540000;74.8560000
EURRUB;D;20230106;000000;75.9350000;77.2920000;75.1840000;77.1720000
EURRUB;D;20230108;000000;77.3040000;77.3040000;76.1140000;77.2310000
EURRUB;D;20230109;000000;76.2840000;76.8380000;74.2190000;74.5130000
EURRUB;D;20230110;000000;74.4900000;74.9510000;74.2680000;74.7030000
EURRUB;D;20230111;000000;74.3250000;75.0020000;73.3390000;73.4590000
EURRUB;D;20230112;000000;75.6520000;75.7330000;72.6310000;73.5940000
EURRUB;D;20230113;000000;73.5990000;75.0510000;72.8690000;74.6630000
EURRUB;D;20230115;000000;74.7340000;74.7490000;74.7340000;74.7340000
EURRUB;D;20230116;000000;74.8140000;74.9210000;73.4370000;74.7760000
EURRUB;D;20230117;000000;74.7700000;75.2580000;73.8930000;73.9120000
EURRUB;D;20230118;000000;74.0620000;75.2030000;72.8420000;74.3140000
EURRUB;D;20230119;000000;74.1820000;75.6100000;73.0980000;75.1840000
EURRUB;D;20230120;000000;75.1780000;75.2320000;74.0330000;75.0410000
EURRUB;D;20230122;000000;73.0070000;74.2900000;73.0070000;74.2900000
EURRUB;D;20230123;000000;74.1880000;75.6390000;74.1690000;75.5950000
EURRUB;D;20230124;000000;75.5960000;75.6070000;74.2050000;75.6070000
EURRUB;D;20230125;000000;75.6010000;75.8070000;74.8420000;75.7030000
EURRUB;D;20230126;000000;75.6860000;76.1460000;75.1350000;75.7040000
EURRUB;D;20230127;000000;75.7210000;76.8580000;75.1430000;76.8580000
EURRUB;D;20230129;000000;75.7730000;75.7730000;74.7000000;75.7710000
EURRUB;D;20230130;000000;74.7520000;76.9350000;74.7520000;75.8440000
EURRUB;D;20230131;000000;75.8840000;76.7050000;75.6800000;76.4020000
EURRUB;D;20230201;000000;75.6300000;77.0120000;75.5780000;76.8250000
EURRUB;D;20230202;000000;76.8480000;77.2870000;76.2730000;76.4130000
EURRUB;D;20230203;000000;76.9800000;77.2710000;76.0920000;76.2440000
EURRUB;D;20230205;000000;75.1510000;76.8480000;74.4650000;76.2500000
EURRUB;D;20230206;000000;76.2440000;76.9630000;75.5090000;76.9120000
EURRUB;D;20230207;000000;76.9170000;77.3890000;75.7220000;77.3680000
EURRUB;D;20230208;000000;76.2120000;78.8610000;74.5730000;77.2040000
EURRUB;D;20230209;000000;77.1920000;78.9740000;77.1650000;78.4220000
EURRUB;D;20230210;000000;78.2230000;79.0830000;77.7570000;78.0580000
EURRUB;D;20230213;000000;78.0330000;79.6700000;77.9090000;78.5240000
EURRUB;D;20230214;000000;78.5350000;79.7080000;78.5190000;78.7530000
EURRUB;D;20230215;000000;78.7580000;80.4280000;78.5940000;79.0890000
EURRUB;D;20230216;000000;79.1350000;80.4260000;79.0600000;79.6930000
EURRUB;D;20230217;000000;79.5710000;80.2360000;78.4630000;79.1320000
EURRUB;D;20230219;000000;78.3150000;78.9310000;78.3150000;78.9310000
EURRUB;D;20230220;000000;78.2590000;81.4820000;78.2530000;78.5070000
EURRUB;D;20230221;000000;77.9650000;80.7130000;77.8830000;79.7580000
EURRUB;D;20230222;000000;79.5040000;80.5840000;78.4670000;79.8190000
EURRUB;D;20230223;000000;79.4540000;80.3690000;79.4430000;79.7670000
EURRUB;D;20230224;000000;79.3780000;80.9810000;79.3780000;80.1410000
EURRUB;D;20230226;000000;80.1750000;80.1900000;80.1640000;80.1640000
EURRUB;D;20230227;000000;80.2200000;80.5390000;78.6110000;79.1890000
EURRUB;D;20230228;000000;79.1920000;79.9850000;78.4160000;78.9900000
EURRUB;D;20230301;000000;78.9680000;80.4820000;78.9080000;80.2770000
EURRUB;D;20230302;000000;80.2630000;80.4840000;79.5300000;79.5300000
EURRUB;D;20230303;000000;80.0240000;80.4480000;79.5960000;80.4330000
EURRUB;D;20230305;000000;80.5010000;80.5010000;80.4340000;80.4350000
EURRUB;D;20230306;000000;80.4350000;80.7810000;80.0230000;80.3580000
EURRUB;D;20230307;000000;80.3510000;80.8850000;79.7360000;79.7430000
EURRUB;D;20230308;000000;79.7100000;80.6930000;79.5850000;80.2360000
EURRUB;D;20230309;000000;80.2370000;80.5730000;79.7240000;80.2610000
EURRUB;D;20230310;000000;80.3790000;81.4310000;80.1770000;81.0640000
EURRUB;D;20230312;000000;80.3900000;80.3990000;80.3470000;80.3470000
EURRUB;D;20230313;000000;81.2030000;81.6960000;79.9030000;81.0400000
EURRUB;D;20230314;000000;80.9140000;81.3710000;80.1610000;81.0310000
EURRUB;D;20230315;000000;81.2970000;81.4530000;79.8680000;80.4930000
EURRUB;D;20230316;000000;80.5850000;82.3530000;80.4080000;81.1990000
EURRUB;D;20230317;000000;81.2030000;82.4320000;81.1850000;82.0760000
EURRUB;D;20230319;000000;81.1240000;81.1260000;81.0980000;81.1260000
EURRUB;D;20230320;000000;81.1590000;83.0590000;81.0250000;83.0590000
EURRUB;D;20230321;000000;83.0800000;83.1960000;82.3000000;82.8680000
EURRUB;D;20230322;000000;83.1570000;83.8020000;82.8150000;83.6070000
EURRUB;D;20230323;000000;83.5450000;84.0300000;81.8990000;81.8990000
EURRUB;D;20230324;000000;82.2450000;83.3910000;82.0690000;83.1510000
EURRUB;D;20230326;000000;82.0800000;82.2130000;82.0800000;82.2030000
EURRUB;D;20230327;000000;83.2080000;83.2120000;82.0920000;82.6100000
EURRUB;D;20230328;000000;83.2060000;83.7660000;82.5960000;82.9860000
EURRUB;D;20230329;000000;83.0190000;84.0260000;82.6760000;83.8690000
EURRUB;D;20230330;000000;83.8130000;84.3890000;82.6500000;84.2620000
EURRUB;D;20230331;000000;84.2930000;84.8700000;83.8830000;84.5630000
EURRUB;D;20230402;000000;83.4640000;83.5250000;83.1770000;83.1770000
EURRUB;D;20230403;000000;84.2380000;85.7450000;83.0910000;84.6570000
EURRUB;D;20230404;000000;85.7160000;87.2700000;84.5520000;85.8120000
EURRUB;D;20230405;000000;87.0110000;87.6400000;85.7970000;87.4340000
EURRUB;D;20230406;000000;87.4370000;89.2560000;86.5660000;88.6310000
EURRUB;D;20230407;000000;88.8210000;90.3390000;87.5690000;87.8420000
EURRUB;D;20230409;000000;87.8540000;87.8730000;87.8540000;87.8620000
EURRUB;D;20230410;000000;88.9950000;89.8310000;87.7600000;88.6710000
EURRUB;D;20230411;000000;88.7810000;90.0460000;88.4960000;88.7400000
EURRUB;D;20230412;000000;88.6090000;90.7520000;88.5450000;90.3070000
EURRUB;D;20230413;000000;90.1500000;90.5740000;89.4830000;90.2580000
EURRUB;D;20230414;000000;90.3520000;90.5200000;89.3720000;90.4390000
EURRUB;D;20230416;000000;90.4290000;90.4360000;90.3900000;90.3930000
EURRUB;D;20230417;000000;89.6990000;90.4070000;89.1140000;89.6320000
EURRUB;D;20230418;000000;89.5700000;89.9380000;88.5920000;89.7500000
EURRUB;D;20230419;000000;89.7290000;89.8880000;88.3510000;88.3780000
EURRUB;D;20230420;000000;89.5460000;89.8000000;88.3860000;89.4200000
EURRUB;D;20230421;000000;89.6180000;89.9900000;88.5970000;89.9900000
EURRUB;D;20230423;000000;90.0070000;90.0190000;89.9810000;89.9990000
EURRUB;D;20230424;000000;89.5940000;90.0420000;89.2580000;90.0420000
EURRUB;D;20230425;000000;90.0970000;90.2580000;88.5870000;88.6030000
EURRUB;D;20230426;000000;89.6630000;91.5500000;88.5630000;90.3100000
EURRUB;D;20230427;000000;90.3440000;90.8550000;88.8010000;90.2480000
EURRUB;D;20230428;000000;90.3000000;90.3060000;86.5190000;87.5300000
EURRUB;D;20230430;000000;88.1430000;88.1440000;88.0550000;88.0590000
EURRUB;D;20230501;000000;88.5680000;88.5990000;87.0080000;87.4590000
EURRUB;D;20230502;000000;87.4870000;88.4710000;86.7230000;88.2220000
EURRUB;D;20230503;000000;88.1940000;88.5190000;86.4060000;87.9890000
EURRUB;D;20230504;000000;88.0960000;88.1300000;85.4700000;86.6650000
EURRUB;D;20230505;000000;86.5150000;86.8370000;84.0600000;85.7270000
EURRUB;D;20230508;000000;85.5490000;86.3580000;84.4650000;85.4680000
EURRUB;D;20230509;000000;85.5420000;86.1830000;84.8230000;85.2360000
EURRUB;D;20230510;000000;85.5280000;85.5650000;83.0620000;83.5710000
EURRUB;D;20230511;000000;83.5840000;85.1810000;82.0420000;84.0500000
EURRUB;D;20230512;000000;84.0400000;85.3290000;83.3740000;83.9260000
EURRUB;D;20230515;000000;83.9550000;86.9980000;83.1920000;86.7090000
EURRUB;D;20230516;000000;86.7170000;87.7700000;86.1240000;87.4260000
EURRUB;D;20230517;000000;87.4650000;87.8750000;86.3980000;86.4240000
EURRUB;D;20230518;000000;86.4630000;87.2090000;85.9520000;86.6220000
EURRUB;D;20230519;000000;86.5460000;87.1390000;85.6520000;86.5500000
EURRUB;D;20230521;000000;87.0600000;87.1300000;87.0600000;87.1260000
EURRUB;D;20230522;000000;86.6590000;87.1890000;85.6180000;85.9130000
EURRUB;D;20230523;000000;87.0540000;87.0890000;85.7670000;86.3370000
EURRUB;D;20230524;000000;86.3550000;86.7650000;85.9000000;86.1380000
EURRUB;D;20230525;000000;86.1090000;86.2280000;85.0840000;85.8190000
EURRUB;D;20230526;000000;85.8160000;86.1560000;84.7430000;85.1290000
EURRUB;D;20230529;000000;84.6840000;86.9230000;84.6610000;85.9400000
EURRUB;D;20230530;000000;85.9990000;87.0200000;80.6730000;80.6770000
EURRUB;D;20230531;000000;80.6730000;87.2070000;80.5430000;87.1660000
EURRUB;D;20230601;000000;87.1620000;87.5040000;86.3280000;87.1740000
EURRUB;D;20230602;000000;87.0810000;87.5210000;86.1080000;86.5120000
EURRUB;D;20230604;000000;86.5170000;86.5250000;86.5170000;86.5200000
EURRUB;D;20230605;000000;86.4320000;87.5290000;85.4650000;86.3310000
EURRUB;D;20230606;000000;86.3270000;87.2750000;86.3230000;87.0820000
EURRUB;D;20230607;000000;87.0670000;87.8410000;86.8750000;87.2820000
EURRUB;D;20230608;000000;87.4730000;89.2650000;87.3070000;88.4190000
EURRUB;D;20230609;000000;88.3910000;89.4690000;87.5120000;88.9070000
EURRUB;D;20230611;000000;87.8370000;87.8390000;87.8060000;87.8390000
EURRUB;D;20230612;000000;88.8510000;90.2660000;87.7500000;90.2100000
EURRUB;D;20230613;000000;90.2860000;90.9850000;88.8020000;90.5630000
EURRUB;D;20230614;000000;90.5680000;91.5870000;89.7200000;89.9880000
EURRUB;D;20230615;000000;89.9860000;91.9430000;89.7260000;90.2790000
EURRUB;D;20230616;000000;91.4040000;92.0580000;90.2060000;91.8010000
EURRUB;D;20230618;000000;90.6860000;90.6860000;90.6390000;90.6800000
EURRUB;D;20230619;000000;91.3650000;92.5450000;90.6140000;91.7080000
EURRUB;D;20230620;000000;91.5450000;92.5580000;90.4570000;92.1110000
EURRUB;D;20230621;000000;91.5050000;92.6610000;91.1530000;92.2590000
EURRUB;D;20230622;000000;92.1920000;92.4180000;88.6920000;88.7000000
EURRUB;D;20230623;000000;88.7430000;93.1390000;88.5320000;91.1230000
EURRUB;D;20230625;000000;90.1210000;90.1320000;90.1210000;90.1280000
EURRUB;D;20230626;000000;91.2180000;94.3220000;91.1700000;92.0540000
EURRUB;D;20230627;000000;92.0600000;93.7970000;92.0370000;93.5410000
EURRUB;D;20230628;000000;93.6000000;94.6790000;92.8630000;93.8350000
EURRUB;D;20230629;000000;93.6900000;95.7790000;92.5920000;94.3760000
EURRUB;D;20230630;000000;94.6040000;97.8880000;93.2500000;96.9110000
EURRUB;D;20230702;000000;96.9410000;96.9410000;96.8900000;96.8900000
EURRUB;D;20230703;000000;96.8760000;98.0260000;95.9100000;97.6600000
EURRUB;D;20230704;000000;96.8270000;99.1320000;96.3030000;97.9430000
EURRUB;D;20230705;000000;97.9470000;99.4100000;96.9020000;99.0360000
EURRUB;D;20230706;000000;99.0260000;102.1290000;98.2850000;99.3910000
EURRUB;D;20230707;000000;99.3230000;100.5240000;99.2330000;100.0960000
EURRUB;D;20230709;000000;99.0110000;99.0110000;98.9500000;98.9940000
EURRUB;D;20230710;000000;100.0770000;100.8040000;98.3490000;99.7430000
EURRUB;D;20230711;000000;99.7730000;100.0700000;98.1990000;99.6590000
EURRUB;D;20230712;000000;99.4510000;100.7900000;99.2160000;99.6900000
EURRUB;D;20230713;000000;99.6990000;101.5950000;99.6970000;101.1650000
EURRUB;D;20230714;000000;101.0680000;101.7850000;100.1130000;101.3370000
EURRUB;D;20230716;000000;101.3340000;101.3410000;101.3070000;101.3180000
EURRUB;D;20230717;000000;101.4370000;101.9890000;100.7230000;101.7600000
EURRUB;D;20230718;000000;101.8700000;102.5880000;100.6380000;102.1500000
EURRUB;D;20230719;000000;101.6110000;103.0110000;101.0240000;103.0110000
EURRUB;D;20230720;000000;102.9460000;103.2160000;100.3040000;100.3250000
EURRUB;D;20230721;000000;100.3120000;101.2600000;100.0970000;100.6890000
EURRUB;D;20230723;000000;101.2460000;101.3280000;101.2240000;101.2320000
EURRUB;D;20230724;000000;100.7670000;101.2970000;98.9380000;100.0610000
EURRUB;D;20230725;000000;100.0750000;100.3460000;98.9740000;99.6800000
EURRUB;D;20230726;000000;99.6310000;100.0050000;99.2790000;99.6970000
EURRUB;D;20230727;000000;99.7130000;100.4860000;98.6230000;99.5830000
EURRUB;D;20230728;000000;99.5890000;101.7990000;98.9490000;101.4110000
EURRUB;D;20230730;000000;101.4600000;101.4600000;101.4600000;101.4600000
EURRUB;D;20230731;000000;101.4630000;101.8060000;99.8780000;100.8240000
EURRUB;D;20230801;000000;100.8240000;101.5000000;99.7660000;100.4430000
EURRUB;D;20230802;000000;100.5050000;103.3610000;100.3760000;102.7980000
EURRUB;D;20230803;000000;102.9610000;103.4870000;101.9050000;102.9470000
EURRUB;D;20230804;000000;104.0140000;106.3840000;102.1480000;105.5070000
EURRUB;D;20230806;000000;105.6120000;105.6120000;105.4660000;105.4770000
EURRUB;D;20230807;000000;105.5130000;106.5690000;104.0760000;104.9300000
EURRUB;D;20230808;000000;104.9440000;106.6200000;104.8390000;106.5010000
EURRUB;D;20230809;000000;106.6220000;107.7830000;106.1000000;106.5870000
EURRUB;D;20230810;000000;106.3460000;107.7410000;105.4500000;105.4500000
EURRUB;D;20230811;000000;105.4520000;109.4590000;105.4350000;109.4590000
EURRUB;D;20230813;000000;107.8820000;107.8820000;107.8300000;107.8490000
EURRUB;D;20230814;000000;108.9380000;111.4850000;107.4170000;107.4170000
EURRUB;D;20230815;000000;107.1220000;108.8690000;103.9810000;106.8450000
EURRUB;D;20230816;000000;106.9150000;107.0390000;101.1680000;101.1730000
EURRUB;D;20230817;000000;102.4470000;103.9100000;100.3130000;102.7340000
EURRUB;D;20230818;000000;101.8230000;102.6950000;100.3930000;101.1000000
EURRUB;D;20230820;000000;101.1020000;101.1320000;101.1000000;101.1320000
EURRUB;D;20230821;000000;101.1430000;103.4200000;101.0990000;101.8510000
EURRUB;D;20230822;000000;101.9100000;102.8980000;101.1420000;101.1440000
EURRUB;D;20230823;000000;102.6250000;102.9110000;101.0200000;101.0490000
EURRUB;D;20230824;000000;101.0530000;102.9760000;101.0080000;102.3180000
EURRUB;D;20230825;000000;102.3130000;103.4140000;101.7300000;102.5430000
EURRUB;D;20230827;000000;101.5250000;102.5730000;101.4920000;102.5650000
EURRUB;D;20230828;000000;103.1410000;103.6470000;100.6650000;100.6650000
EURRUB;D;20230829;000000;100.7310000;104.1850000;100.7310000;103.7100000
EURRUB;D;20230830;000000;103.7020000;105.2470000;103.6540000;105.0750000
EURRUB;D;20230831;000000;105.0760000;105.4870000;102.6070000;103.9610000

