USDRUB;D;20210401;000000;75.6986000;76.4589000;75.4890000;76.1490000
USDRUB;D;20210402;000000;76.2871000;77.0044000;75.9040000;76.4630000
USDRUB;D;20210404;000000;76.4630000;76.6614000;76.1875000;76.3960000
USDRUB;D;20210405;000000;76.3960000;76.7309200;75.9320000;76.4697000
USDRUB;D;20210406;000000;76.3450000;78.0500000;75.5150000;77.1080000
USDRUB;D;20210407;000000;77.1093000;78.0349900;76.7580000;77.2081000
USDRUB;D;20210408;000000;77.2071000;77.3792800;76.5200000;76.5460000
USDRUB;D;20210409;000000;76.7993000;77.5529000;76.5390000;77.3728000
USDRUB;D;20210411;000000;77.4136000;77.6250000;77.2110000;77.4027000
USDRUB;D;20210412;000000;77.4016000;77.7610000;77.0450000;77.3304000
USDRUB;D;20210413;000000;77.3154000;77.5727000;75.7100000;75.9478000
USDRUB;D;20210414;000000;75.9481000;76.0586000;75.3850000;75.8680000
USDRUB;D;20210415;000000;76.0427000;77.5370000;75.6532000;76.0740000
USDRUB;D;20210416;000000;76.0754000;76.6060000;75.2755000;75.7650000
USDRUB;D;20210418;000000;75.8318000;76.1985000;75.7126000;75.9610000
USDRUB;D;20210419;000000;75.9701000;76.5257000;75.7200000;76.3104000
USDRUB;D;20210420;000000;76.3326000;77.2750000;75.8804000;76.6439000
USDRUB;D;20210421;000000;76.6427000;77.2049000;76.2835000;76.5981000
USDRUB;D;20210422;000000;76.6061000;76.7725000;75.1950000;75.4966000
USDRUB;D;20210423;000000;75.5350000;75.5520000;74.6085000;74.8750000
USDRUB;D;20210425;000000;74.8751000;76.4877000;74.6580000;74.9310000
USDRUB;D;20210426;000000;74.6680000;75.7030000;74.5878000;75.0038000
USDRUB;D;20210427;000000;74.9982000;75.3808000;74.5840000;74.8064000
USDRUB;D;20210428;000000;74.8051000;74.9964100;74.2600000;74.3822000
USDRUB;D;20210429;000000;74.3819000;75.0630000;74.1407000;74.5280000
USDRUB;D;20210430;000000;74.7387000;76.0128000;74.4350000;75.1870000
USDRUB;D;20210502;000000;75.1971000;75.8395000;74.8850000;74.9370000
USDRUB;D;20210503;000000;75.2078000;75.8456000;74.6600000;74.8383000
USDRUB;D;20210504;000000;74.8352000;75.3561400;74.4570000;74.7313000
USDRUB;D;20210505;000000;74.7346000;74.9900100;74.4910000;74.8100000
USDRUB;D;20210506;000000;74.8109000;74.8951000;73.9880000;74.1776000
USDRUB;D;20210507;000000;74.1701000;74.3080000;73.3312000;73.7450000
USDRUB;D;20210509;000000;73.7292000;73.9900000;73.4279000;73.6232000
USDRUB;D;20210510;000000;73.6241000;74.3597000;73.4550000;74.2899000
USDRUB;D;20210511;000000;74.2900000;74.4400000;73.7703000;74.1776000
USDRUB;D;20210512;000000;74.1788000;74.7505000;73.8741000;74.5886000
USDRUB;D;20210513;000000;74.6029000;74.6863000;73.7580000;74.0029000
USDRUB;D;20210514;000000;74.0001000;74.7861000;73.6682000;73.9900000
USDRUB;D;20210516;000000;73.9938000;74.6200000;73.8800000;74.0799000
USDRUB;D;20210517;000000;74.0790000;74.1103100;73.6545000;73.7876000
USDRUB;D;20210518;000000;73.7658000;74.0290000;73.3680000;73.6731000
USDRUB;D;20210519;000000;73.6723000;73.8938100;73.4796000;73.7591000
USDRUB;D;20210520;000000;73.7600000;73.9698000;73.2060000;73.4912000
USDRUB;D;20210521;000000;73.4898000;73.9087000;73.3099000;73.6231000
USDRUB;D;20210523;000000;73.6220000;73.8325000;73.4110000;73.6444000
USDRUB;D;20210524;000000;73.6194000;73.8522000;73.2160000;73.4517000
USDRUB;D;20210525;000000;73.4507000;73.7016000;73.1412000;73.5091000
USDRUB;D;20210526;000000;73.5127000;73.7104100;73.2190000;73.5383000
USDRUB;D;20210527;000000;73.5391000;73.6777000;73.1380000;73.4439000
USDRUB;D;20210528;000000;73.3890000;73.6992100;73.0000000;73.2020000
USDRUB;D;20210530;000000;73.2050000;73.2923000;72.9310000;73.0670000
USDRUB;D;20210531;000000;73.2175000;73.4810000;73.0700000;73.3870000
USDRUB;D;20210601;000000;73.3837000;73.7850000;73.0775000;73.5500000
USDRUB;D;20210602;000000;73.5501000;73.7394400;72.8690000;73.1563000
USDRUB;D;20210603;000000;73.1588000;73.3445500;72.9390000;73.2130000
USDRUB;D;20210604;000000;73.2106000;73.3200000;72.7130000;72.7210000
USDRUB;D;20210606;000000;72.8339000;73.4454000;72.7490000;73.0119000
USDRUB;D;20210607;000000;73.0053000;73.1750000;72.6606000;72.8015000
USDRUB;D;20210608;000000;72.7907000;72.9110000;72.1630000;72.2638000
USDRUB;D;20210609;000000;72.2628000;72.4742000;71.9348000;72.3391000
USDRUB;D;20210610;000000;72.3409000;72.4858000;71.6340000;71.7310000
USDRUB;D;20210611;000000;71.7320000;72.2613000;71.4990000;71.9460000
USDRUB;D;20210613;000000;71.9582000;72.2766000;71.9500000;72.0761000
USDRUB;D;20210614;000000;72.0636000;72.3732000;71.7940000;71.9740000
USDRUB;D;20210615;000000;72.0080000;72.3464000;71.6804000;72.1937000
USDRUB;D;20210616;000000;72.1975000;72.6932000;71.5715000;72.4600000
USDRUB;D;20210617;000000;72.5165000;72.7000000;72.0336000;72.4185000
USDRUB;D;20210618;000000;72.4408000;72.9160000;72.0269000;72.7073000
USDRUB;D;20210620;000000;72.6860000;72.8654000;72.5150000;72.8080000
USDRUB;D;20210621;000000;72.8071000;73.3432600;72.6350000;73.1317000
USDRUB;D;20210622;000000;73.1340000;73.2950100;72.5980000;72.8700000
USDRUB;D;20210623;000000;72.8699000;73.3070000;72.2969000;72.6425000
USDRUB;D;20210624;000000;72.6422000;72.6732000;72.0697000;72.2714000
USDRUB;D;20210625;000000;72.2717000;72.4850000;71.9840000;72.2014000
USDRUB;D;20210627;000000;72.1954000;72.2717000;72.0010000;72.2274000
USDRUB;D;20210628;000000;72.2122000;72.4625000;71.9110000;72.1160000
USDRUB;D;20210629;000000;72.2442000;73.0430000;72.0970000;72.7402000
USDRUB;D;20210630;000000;72.7406000;73.2294000;72.5904000;73.0264000
USDRUB;D;20210701;000000;73.0392000;73.5912000;72.7577000;73.4866000
USDRUB;D;20210702;000000;73.4906000;73.7930000;73.0580000;73.0580000
USDRUB;D;20210704;000000;73.3489000;73.3489000;73.0070000;73.1801000
USDRUB;D;20210705;000000;73.1803000;73.5952000;73.1360000;73.4638000
USDRUB;D;20210706;000000;73.4642000;74.8039300;73.1075000;74.4903000
USDRUB;D;20210707;000000;74.4814000;74.9219000;73.8911000;74.6501000
USDRUB;D;20210708;000000;74.6497000;75.3500000;74.4610000;74.7117000
USDRUB;D;20210709;000000;74.5870000;74.8232000;74.1198000;74.3494000
USDRUB;D;20210711;000000;74.5050000;74.5050000;74.0390000;74.1430000
USDRUB;D;20210712;000000;74.2472000;74.7980000;74.1310000;74.2990000
USDRUB;D;20210713;000000;74.3719000;74.6127000;73.8408000;74.3545000
USDRUB;D;20210714;000000;74.3715000;74.5530000;73.8861000;74.1405000
USDRUB;D;20210715;000000;74.1435000;74.4430000;74.0118000;74.3200000
USDRUB;D;20210716;000000;74.3200000;74.4431000;73.8997000;74.0050000
USDRUB;D;20210718;000000;74.2450000;74.4050000;73.9360000;73.9821000
USDRUB;D;20210719;000000;73.9807000;74.8157000;73.9481000;74.6766000
USDRUB;D;20210720;000000;74.6784000;74.7507000;74.2179000;74.3494000
USDRUB;D;20210721;000000;74.3488000;74.5668000;73.7330000;73.9718000
USDRUB;D;20210722;000000;73.9669000;74.0221000;73.5438000;73.6396000
USDRUB;D;20210723;000000;73.6413000;73.9170000;73.4522000;73.8102000
USDRUB;D;20210725;000000;73.8041000;73.8041000;73.3800000;73.5670000
USDRUB;D;20210726;000000;73.6741000;74.2715000;73.3980000;73.7195000
USDRUB;D;20210727;000000;73.7204000;73.9423000;73.4990000;73.6675000
USDRUB;D;20210728;000000;73.6700000;73.9450000;73.3060000;73.4321000
USDRUB;D;20210729;000000;73.4333000;73.5380000;72.9150000;73.2157000
USDRUB;D;20210730;000000;73.2170000;73.4353000;72.6710000;73.0932000
USDRUB;D;20210801;000000;73.1304000;73.8039000;72.9470000;73.0540000
USDRUB;D;20210802;000000;73.1074000;73.3285000;72.6335000;72.9771000
USDRUB;D;20210803;000000;72.9656000;73.2250000;72.6300000;72.8710000
USDRUB;D;20210804;000000;72.9360000;73.2920000;72.6530000;73.1500000
USDRUB;D;20210805;000000;73.2386000;73.2850000;72.8660000;73.1476000
USDRUB;D;20210806;000000;73.1562000;73.6624000;72.9399000;73.4860000
USDRUB;D;20210808;000000;73.4860000;73.5549000;73.1480000;73.5229000
USDRUB;D;20210809;000000;73.5226000;73.7009000;73.2710000;73.6014000
USDRUB;D;20210810;000000;73.6195000;74.2427000;73.4480000;73.9591000
USDRUB;D;20210811;000000;73.9635000;74.1385000;73.1400000;73.4113000
USDRUB;D;20210812;000000;73.4097000;73.6764000;73.2290000;73.5081000
USDRUB;D;20210813;000000;73.5074000;73.6526000;73.1076000;73.3190000
USDRUB;D;20210815;000000;73.1700000;73.3150000;73.1700000;73.1982000
USDRUB;D;20210816;000000;73.1921000;73.4943100;73.0050000;73.1700000
USDRUB;D;20210817;000000;73.2541000;73.9040000;73.1640000;73.5250000
USDRUB;D;20210818;000000;73.5908000;73.8930000;73.2995000;73.8567000
USDRUB;D;20210819;000000;73.8040000;74.9198000;73.7980000;74.2957000
USDRUB;D;20210820;000000;74.2993000;74.5880000;73.7126000;74.2550000
USDRUB;D;20210822;000000;74.2987000;74.3700000;73.9661000;74.2052000
USDRUB;D;20210823;000000;74.2007000;74.3008000;73.7130000;74.0887000
USDRUB;D;20210824;000000;74.0892000;74.1781000;73.3830000;73.7633000
USDRUB;D;20210825;000000;73.7618000;74.0908100;73.6119000;73.8077000
USDRUB;D;20210826;000000;73.8026000;74.4774000;73.5080000;74.2844000
USDRUB;D;20210827;000000;74.2370000;74.3188000;72.7352000;73.4440000
USDRUB;D;20210829;000000;73.5254000;73.6768000;73.1520000;73.2050000
USDRUB;D;20210830;000000;73.4301000;73.8420000;73.1500000;73.3995000
USDRUB;D;20210831;000000;73.3954000;73.5100000;73.1080000;73.3081000
USDRUB;D;20210901;000000;73.3164000;73.5020000;72.7433000;72.9741000
USDRUB;D;20210902;000000;72.9711000;73.6150000;72.6430000;73.1540000
USDRUB;D;20210903;000000;73.5050000;73.9635000;72.5030000;72.8328000
USDRUB;D;20210905;000000;72.8313000;72.9410000;72.5060000;72.7847000
USDRUB;D;20210906;000000;72.7843000;73.0836000;72.7350000;72.9723000
USDRUB;D;20210907;000000;72.9719000;73.8092000;72.8761000;73.3498000
USDRUB;D;20210908;000000;73.3502000;73.5510000;72.9240000;73.2685000
USDRUB;D;20210909;000000;73.2706000;73.3247000;72.6140000;72.8362000
USDRUB;D;20210910;000000;72.8330000;73.2533000;72.6300000;73.1692000
USDRUB;D;20210912;000000;73.1861000;73.1861000;72.8660000;73.0309000
USDRUB;D;20210913;000000;73.0907000;73.2120000;72.3340000;72.6152000
USDRUB;D;20210914;000000;72.6165000;73.0286000;72.4548000;72.8754000
USDRUB;D;20210915;000000;72.8732000;73.3515000;72.1350000;72.2472000
USDRUB;D;20210916;000000;72.2482000;72.6520000;72.0937000;72.3960000
USDRUB;D;20210917;000000;72.3960000;72.9572000;72.3770000;72.8852000
USDRUB;D;20210919;000000;72.8282000;72.9503000;72.5850000;72.8051000
USDRUB;D;20210920;000000;72.6356000;73.7264000;72.5910000;73.2600000
USDRUB;D;20210921;000000;73.4527000;73.6070000;72.8570000;72.9372000
USDRUB;D;20210922;000000;72.9394000;73.1318000;72.5515000;72.9859000
USDRUB;D;20210923;000000;72.9817000;73.0034000;72.5127000;72.6398000
USDRUB;D;20210924;000000;72.6311000;73.0872400;72.5010000;72.5800000
USDRUB;D;20210926;000000;72.7056000;72.9700000;72.5140000;72.7711000
USDRUB;D;20210927;000000;72.7706000;72.9910000;72.2910000;72.5710000
USDRUB;D;20210928;000000;72.5750000;73.0273500;72.3530000;72.8653000
USDRUB;D;20210929;000000;72.8659000;72.9478000;72.5490000;72.8378000
USDRUB;D;20210930;000000;72.8388000;72.9553000;72.3960000;72.7186000
USDRUB;D;20211001;000000;72.7317000;73.2438100;72.5800000;72.5902000
USDRUB;D;20211003;000000;72.7284000;72.8021000;72.4010000;72.7696000
USDRUB;D;20211004;000000;72.7655000;72.9989100;72.2850000;72.4480000
USDRUB;D;20211005;000000;72.5107000;72.6814000;72.0540000;72.2828000
USDRUB;D;20211006;000000;72.2826000;72.7242000;72.1782000;72.3560000
USDRUB;D;20211007;000000;72.4008000;72.4893000;71.5180000;71.7736000
USDRUB;D;20211008;000000;71.7728000;72.0558000;71.5994000;71.8084000
USDRUB;D;20211010;000000;71.8948000;71.8948000;71.5760000;71.5970000
USDRUB;D;20211011;000000;71.7771000;72.8980000;71.5039000;71.8520000
USDRUB;D;20211012;000000;71.8360000;72.2295000;71.5470000;71.8296000
USDRUB;D;20211013;000000;71.8319000;72.1290000;71.6080000;71.9696000
USDRUB;D;20211014;000000;71.9721000;72.0630000;71.2190000;71.3917000
USDRUB;D;20211015;000000;71.3390000;71.4572000;70.8250000;70.9880000
USDRUB;D;20211017;000000;70.9844000;71.2415000;70.7950000;70.9901000
USDRUB;D;20211018;000000;70.9903000;71.3960000;70.8040000;71.1880000
USDRUB;D;20211019;000000;71.1917000;71.2443000;70.6030000;70.8170000
USDRUB;D;20211020;000000;70.8350000;71.1429500;70.4760000;70.8140000
USDRUB;D;20211021;000000;70.7570000;71.2999000;70.7290000;70.9789000
USDRUB;D;20211022;000000;70.9646000;71.1692000;69.7605000;70.3091000
USDRUB;D;20211024;000000;70.3061000;70.5400000;70.0147000;70.3819000
USDRUB;D;20211025;000000;70.1730000;70.5215000;69.5580000;69.7929000
USDRUB;D;20211026;000000;69.7998000;69.8645000;69.1490000;69.3852000
USDRUB;D;20211027;000000;69.3765000;70.9187000;69.1110000;70.5400000
USDRUB;D;20211028;000000;70.6233000;70.7681000;69.6672000;70.0418000
USDRUB;D;20211029;000000;70.0406000;71.0073100;69.7630000;70.9271000
USDRUB;D;20211031;000000;70.8530000;70.9762000;69.9150000;70.6696000
USDRUB;D;20211101;000000;70.6704000;71.6630000;70.4147000;71.5981000
USDRUB;D;20211102;000000;71.5958000;72.0051100;71.2747000;71.6191000
USDRUB;D;20211103;000000;71.6178000;72.2517100;71.2789000;71.6260000
USDRUB;D;20211104;000000;71.7091000;72.0740000;71.0850000;71.4508000
USDRUB;D;20211105;000000;71.4493000;71.9630500;70.7233000;71.1489000
USDRUB;D;20211107;000000;71.0660000;71.2883000;70.8310000;71.1608000
USDRUB;D;20211108;000000;71.1522000;71.5205000;70.7880000;71.1480000
USDRUB;D;20211109;000000;71.2336000;71.3528000;70.5390000;70.6905000
USDRUB;D;20211110;000000;70.6884000;71.3448000;70.4578000;71.2648000
USDRUB;D;20211111;000000;71.2651000;72.1277000;70.9190000;71.5705000
USDRUB;D;20211112;000000;71.5762000;73.2175500;71.2361000;72.8772000
USDRUB;D;20211114;000000;73.1150000;73.1150000;72.4120000;72.7194000
USDRUB;D;20211115;000000;72.5950000;72.8422000;71.9564000;72.3640000
USDRUB;D;20211116;000000;72.5232000;73.5010000;72.2750000;73.0417000
USDRUB;D;20211117;000000;73.0470000;73.3157000;72.2700000;72.5100000
USDRUB;D;20211118;000000;72.6018000;73.3638000;72.3942000;73.0270000
USDRUB;D;20211119;000000;73.0290000;73.6747000;72.6476000;73.5737000
USDRUB;D;20211121;000000;73.4862000;73.6500000;73.0450000;73.3499000
USDRUB;D;20211122;000000;73.3468000;75.0730000;73.0820000;74.9270000
USDRUB;D;20211123;000000;74.9260000;75.2876000;74.0050000;74.1640000
USDRUB;D;20211124;000000;74.3473000;75.0438100;73.9890000;74.8540000
USDRUB;D;20211125;000000;74.8796000;74.9870000;74.2690000;74.5546000
USDRUB;D;20211126;000000;74.3010000;75.9202000;74.3010000;75.5680000
USDRUB;D;20211128;000000;75.8700000;75.8700000;75.0470000;75.2852000
USDRUB;D;20211129;000000;75.1600000;75.4700000;74.1930000;74.3360000
USDRUB;D;20211130;000000;74.5337000;75.1176000;73.6600000;73.9410000
USDRUB;D;20211201;000000;74.0986000;74.3770000;73.6518000;74.1362000
USDRUB;D;20211202;000000;74.1325000;74.3445000;73.3200000;73.6349000
USDRUB;D;20211203;000000;73.5850000;73.9967000;73.2662000;73.6920000
USDRUB;D;20211205;000000;73.6920000;74.0058000;73.4690000;73.6933000
USDRUB;D;20211206;000000;73.6937000;74.4460000;73.4220000;74.3280000
USDRUB;D;20211207;000000;74.3885000;74.5293100;73.7730000;74.0198000
USDRUB;D;20211208;000000;74.0096000;74.0682000;73.3040000;73.4637000
USDRUB;D;20211209;000000;73.4644000;73.7806000;73.2600000;73.5170000
USDRUB;D;20211210;000000;73.5180000;74.0579000;73.2058000;73.3943000
USDRUB;D;20211212;000000;73.4043000;73.6100000;73.3214000;73.3943000
USDRUB;D;20211213;000000;73.3891000;73.7036000;73.1670000;73.4645000
USDRUB;D;20211214;000000;73.4200000;73.9048000;73.3550000;73.7210000
USDRUB;D;20211215;000000;73.8470000;74.3678100;73.3150000;73.5620000
USDRUB;D;20211216;000000;73.5630000;74.1810000;73.2976000;73.7924000
USDRUB;D;20211217;000000;73.8737000;74.2810000;73.5020000;74.1747000
USDRUB;D;20211219;000000;74.1564000;74.4899000;73.8430000;74.1581000
USDRUB;D;20211220;000000;74.1592000;74.5995000;73.9640000;74.1092000
USDRUB;D;20211221;000000;74.1074000;74.3058000;73.6640000;74.0530000
USDRUB;D;20211222;000000;74.2420000;76.2834000;73.4130000;73.6000000
USDRUB;D;20211223;000000;73.5730000;73.7558000;73.0470000;73.3583000
USDRUB;D;20211224;000000;73.2450000;73.8860000;73.0824000;73.6863000
USDRUB;D;20211226;000000;73.6900000;73.6900000;73.0500000;73.4178000
USDRUB;D;20211227;000000;73.3170000;73.7539000;73.0360000;73.3803000
USDRUB;D;20211228;000000;73.3736000;73.8797100;73.1440000;73.6798000
USDRUB;D;20211229;000000;73.6429000;74.1997100;73.4822000;74.0021000
USDRUB;D;20211230;000000;74.0053000;75.1427000;73.6410000;74.4476000
USDRUB;D;20211231;000000;74.4486000;75.8517000;74.2310000;74.7813000
USDRUB;D;20220102;000000;74.7813000;76.7325000;74.6768000;74.7545000
USDRUB;D;20220103;000000;74.7035000;75.2150000;74.1100000;74.5490000
USDRUB;D;20220104;000000;74.5496000;75.5799300;74.1350000;75.2994000
USDRUB;D;20220105;000000;75.0195000;76.8896300;75.0101000;76.6961000
USDRUB;D;20220106;000000;76.5681000;77.3300000;75.9580000;76.2934000
USDRUB;D;20220107;000000;76.3214000;76.5178000;75.0494000;75.7251000
USDRUB;D;20220109;000000;75.7264000;75.8600000;75.3660000;75.5988000
USDRUB;D;20220110;000000;75.3660000;75.9900000;74.6920000;74.7640000
USDRUB;D;20220111;000000;75.2142000;75.2780000;74.1950000;74.3840000
USDRUB;D;20220112;000000;74.4940000;74.9380000;74.2240000;74.5280000
USDRUB;D;20220113;000000;74.5290000;76.6860000;74.3940000;76.2575000
USDRUB;D;20220114;000000;76.2563000;76.9801900;75.5460000;76.2366000
USDRUB;D;20220116;000000;76.2303000;76.5665000;76.1250000;76.4480000
USDRUB;D;20220117;000000;76.4593000;76.9630000;75.5790000;76.1631000
USDRUB;D;20220118;000000;76.1627000;77.2970000;75.5010000;76.8433000
USDRUB;D;20220119;000000;76.9269000;77.1490000;75.7810000;76.1560000
USDRUB;D;20220120;000000;76.1560000;76.8868000;75.8910000;76.7701000
USDRUB;D;20220121;000000;76.7705000;78.3610000;76.2065000;77.5800000
USDRUB;D;20220123;000000;77.5800000;77.6189000;77.1080000;77.4118000
USDRUB;D;20220124;000000;77.4167000;79.5040000;76.9340000;78.6832000
USDRUB;D;20220125;000000;78.6338000;79.3467000;78.1980000;78.7197000
USDRUB;D;20220126;000000;78.7234000;80.4071100;78.4620000;79.3659000
USDRUB;D;20220127;000000;79.3658000;79.8450000;77.3400000;78.0155000
USDRUB;D;20220128;000000;78.0159000;79.1260000;77.3250000;78.2919000
USDRUB;D;20220130;000000;78.0750000;78.2063000;77.7358000;77.9281000
USDRUB;D;20220131;000000;77.9275000;78.1902000;77.0180000;77.1550000
USDRUB;D;20220201;000000;77.3440000;77.7330000;76.3645000;76.7196000
USDRUB;D;20220202;000000;76.6734000;76.8980000;75.6250000;76.1212000
USDRUB;D;20220203;000000;76.1214000;76.8187900;75.9200000;76.4683000
USDRUB;D;20220204;000000;76.4632000;76.5153000;75.4400000;75.7369000
USDRUB;D;20220206;000000;75.7458000;76.3630000;75.5840000;76.0950000
USDRUB;D;20220207;000000;75.9722000;76.5550000;75.0880000;75.4234000
USDRUB;D;20220208;000000;75.4302000;75.7500000;74.8180000;75.1280000
USDRUB;D;20220209;000000;75.0512000;75.2360000;74.4420000;74.5700000
USDRUB;D;20220210;000000;74.6540000;75.1284000;74.2134000;74.8600000
USDRUB;D;20220211;000000;75.0196000;77.7900000;74.7616000;77.2928000
USDRUB;D;20220213;000000;77.0750000;77.6400000;77.0750000;77.5693000
USDRUB;D;20220214;000000;77.5723000;78.1747000;75.9110000;76.4733000
USDRUB;D;20220215;000000;76.4739000;77.0110000;75.0690000;75.4773000
USDRUB;D;20220216;000000;75.4050000;75.7062000;74.7825000;75.0684000
USDRUB;D;20220217;000000;75.1847000;76.7156000;74.7900000;76.0590000
USDRUB;D;20220218;000000;76.1880000;77.5607000;75.5910000;77.1640000
USDRUB;D;20220220;000000;77.1640000;78.2030000;77.1640000;78.0533000
USDRUB;D;20220221;000000;77.9130000;80.5818000;76.1000000;80.3536000
USDRUB;D;20220222;000000;80.3563000;80.9641800;78.4420000;78.8413000
USDRUB;D;20220223;000000;78.6940000;81.8150000;78.4450000;81.1490000
USDRUB;D;20220224;000000;81.1210000;89.9940000;80.4870000;84.9539000
USDRUB;D;20220225;000000;84.9562000;86.1300000;80.9150000;83.9002000
USDRUB;D;20220227;000000;83.2800000;84.0000000;83.2800000;83.9043000
USDRUB;D;20220228;000000;83.9089000;110.5000000;83.2800000;104.2585000
USDRUB;D;20220301;000000;104.2605000;117.0465000;89.3970000;108.4769000
USDRUB;D;20220302;000000;108.0000000;117.7500000;95.2500000;102.0000000
USDRUB;D;20220303;000000;101.2500000;118.6750000;96.7500000;108.7500000
USDRUB;D;20220304;000000;109.5000000;125.5000000;100.3400000;121.7875000
USDRUB;D;20220306;000000;121.7875000;122.4875000;121.7875000;121.7875000
USDRUB;D;20220307;000000;133.2500000;154.2500000;128.0000000;130.2500000
USDRUB;D;20220308;000000;130.7000000;139.5000000;120.2500000;127.7000000
USDRUB;D;20220309;000000;125.5000000;138.2500000;115.2970000;133.5000000
USDRUB;D;20220310;000000;128.5000000;138.2500000;115.7185000;129.5000000
USDRUB;D;20220311;000000;128.0000000;134.2500000;112.0970000;133.2500000
USDRUB;D;20220313;000000;128.0000000;132.9936000;128.0000000;132.9316000
USDRUB;D;20220314;000000;130.2500000;132.2500000;109.6250000;120.4561000
USDRUB;D;20220315;000000;112.5010000;119.2500000;98.4950000;108.4500000
USDRUB;D;20220316;000000;108.7500000;109.0000000;93.7500000;95.7500000
USDRUB;D;20220317;000000;95.0000000;105.6170000;94.5000000;103.0754000
USDRUB;D;20220318;000000;95.6250000;107.2500000;95.6250000;103.0000000
USDRUB;D;20220320;000000;101.1248000;101.1248000;100.3500000;101.0982000
USDRUB;D;20220321;000000;104.8170000;107.5000000;103.2500000;106.6625000
USDRUB;D;20220322;000000;103.3000000;107.7500000;101.5000000;105.9931000
USDRUB;D;20220323;000000;105.6000000;106.2500000;93.5000000;96.7266000
USDRUB;D;20220324;000000;97.7500000;102.2572000;94.6250000;102.2056000
USDRUB;D;20220325;000000;100.2500000;101.2500000;96.4000000;101.2500000
USDRUB;D;20220327;000000;100.1250000;100.9007000;99.3750000;100.9007000
USDRUB;D;20220328;000000;93.3750000;101.1250000;92.5000000;95.7500000
USDRUB;D;20220329;000000;95.0000000;95.0000000;82.1250000;85.0000000
USDRUB;D;20220330;000000;83.2500000;87.7500000;81.0000000;83.4701000
USDRUB;D;20220331;000000;75.5000000;85.1765000;75.5000000;81.7081000
USDRUB;D;20220401;000000;80.2500000;86.3461000;80.2500000;85.0000000
USDRUB;D;20220403;000000;83.5000000;84.0186000;80.0500000;82.7500000
USDRUB;D;20220404;000000;85.0000000;85.2520000;81.5000000;82.2500000
USDRUB;D;20220405;000000;82.7500000;85.3935000;81.6250000;83.9925000
USDRUB;D;20220406;000000;81.7500000;84.2990000;80.2500000;82.1150000
USDRUB;D;20220407;000000;83.8971000;83.8971000;76.5000000;78.5000000
USDRUB;D;20220408;000000;79.2400000;81.5900000;75.6250000;79.5000000
USDRUB;D;20220410;000000;78.3500000;80.3598000;78.3500000;80.2500000
USDRUB;D;20220411;000000;80.0000000;84.7500000;79.7790000;82.7500000
USDRUB;D;20220412;000000;82.3750000;85.3802000;81.1250000;85.3625000
USDRUB;D;20220413;000000;83.1250000;84.5530000;80.7500000;81.9250000
USDRUB;D;20220414;000000;79.6750000;83.2400000;79.6750000;81.8750000
USDRUB;D;20220415;000000;82.1250000;83.0000000;79.8750000;82.7500000
USDRUB;D;20220417;000000;82.2500000;82.7500000;81.2500000;82.7500000
USDRUB;D;20220418;000000;82.7500000;82.7500000;78.7500000;80.3750000
USDRUB;D;20220419;000000;80.5335000;81.2015000;77.5250000;80.9679000
USDRUB;D;20220420;000000;80.0000000;84.3740000;79.0500000;82.2500000
USDRUB;D;20220421;000000;82.0250000;82.2750000;78.5000000;80.8626000
USDRUB;D;20220422;000000;79.3050000;80.3930000;75.2740000;76.6250000
USDRUB;D;20220424;000000;76.8750000;77.3864000;76.6250000;76.6250000
USDRUB;D;20220425;000000;77.1020000;77.5400000;71.8750000;75.0250000
USDRUB;D;20220426;000000;74.6250000;75.2010000;71.9495000;74.8750000
USDRUB;D;20220427;000000;75.2500000;75.7325000;71.2750000;73.8810000
USDRUB;D;20220428;000000;73.2500000;74.4095000;69.1000000;72.7522000
USDRUB;D;20220429;000000;71.8160000;72.7060000;68.0025000;70.6000000
USDRUB;D;20220502;000000;70.3500000;71.8750000;69.2490000;70.5608000
USDRUB;D;20220503;000000;70.6000000;71.4641000;65.3665000;68.2539000
USDRUB;D;20220504;000000;67.0460000;67.8750000;63.8750000;65.3750000
USDRUB;D;20220505;000000;64.6745000;65.8500000;61.7250000;64.0750000
USDRUB;D;20220506;000000;64.2500000;68.6250000;64.2500000;67.5000000
USDRUB;D;20220509;000000;66.5000000;70.5000000;66.5000000;68.9500000
USDRUB;D;20220510;000000;69.0080000;70.1225000;67.2500000;68.7500000
USDRUB;D;20220511;000000;68.5675000;69.6740000;65.2500000;66.0000000
USDRUB;D;20220512;000000;66.0005000;67.0000000;63.0000000;65.1145000
USDRUB;D;20220513;000000;65.1250000;66.0226000;62.0835000;64.5000000
USDRUB;D;20220516;000000;64.7500000;64.8750000;62.7500000;63.8750000
USDRUB;D;20220517;000000;63.7500000;65.9651000;62.8750000;64.2500000
USDRUB;D;20220518;000000;62.5000000;65.6250000;61.7750000;63.5000000
USDRUB;D;20220519;000000;64.0000000;64.8750000;59.2350000;62.1176000
USDRUB;D;20220520;000000;62.1106000;63.1250000;57.8850000;61.2500000
USDRUB;D;20220522;000000;60.1250000;60.8947000;60.0000000;60.8394000
USDRUB;D;20220523;000000;59.9850000;60.5330000;55.3750000;58.5856000
USDRUB;D;20220524;000000;57.4250000;58.6000000;54.3750000;56.3750000
USDRUB;D;20220525;000000;56.4850000;60.2000000;55.5005000;60.2000000
USDRUB;D;20220526;000000;57.0000000;65.1250000;57.0000000;64.0000000
USDRUB;D;20220527;000000;64.4250000;68.0000000;62.6250000;65.7500000
USDRUB;D;20220529;000000;65.7500000;65.7500000;65.7500000;65.7500000
USDRUB;D;20220530;000000;66.4850000;67.2500000;61.5850000;63.7500000
USDRUB;D;20220531;000000;63.2500000;64.0000000;60.3000000;62.0000000
USDRUB;D;20220601;000000;60.5000000;63.8750000;60.2500000;63.4823000
USDRUB;D;20220602;000000;63.7500000;64.0330000;61.0000000;62.7500000
USDRUB;D;20220603;000000;63.2500000;63.6250000;59.6250000;62.6100000
USDRUB;D;20220605;000000;63.2500000;63.2570000;62.2500000;63.0000000
USDRUB;D;20220606;000000;63.2500000;63.2500000;59.0000000;61.3812000
USDRUB;D;20220607;000000;60.7750000;62.2750000;60.2495000;61.0000000
USDRUB;D;20220608;000000;60.9000000;62.0148000;57.6250000;60.7400000
USDRUB;D;20220609;000000;60.2475000;60.2475000;55.3750000;58.0124000
USDRUB;D;20220610;000000;59.0208000;59.4000000;55.1250000;55.1250000
USDRUB;D;20220612;000000;57.5000000;57.5000000;57.5000000;57.5000000
USDRUB;D;20220613;000000;57.5000000;58.1870000;55.7875000;57.4804000
USDRUB;D;20220614;000000;57.0000000;59.0000000;56.2000000;58.3542000
USDRUB;D;20220615;000000;57.1880000;58.5250000;54.7500000;57.2212000
USDRUB;D;20220616;000000;57.0000000;58.8035000;55.6270000;58.5348000
USDRUB;D;20220617;000000;57.7500000;57.7750000;54.9250000;56.5000000
USDRUB;D;20220619;000000;56.0000000;56.5010000;56.0000000;56.0000000
USDRUB;D;20220620;000000;56.5000000;57.1250000;52.8700000;54.0000000
USDRUB;D;20220621;000000;55.6921000;55.6963000;49.8750000;53.1250000
USDRUB;D;20220622;000000;53.8000000;54.6250000;51.8750000;54.0000000
USDRUB;D;20220623;000000;53.1500000;55.0000000;52.9755000;54.4869000
USDRUB;D;20220624;000000;53.5000000;54.5000000;52.7250000;53.6000000
USDRUB;D;20220626;000000;52.6500000;53.3983000;52.6500000;53.3708000
USDRUB;D;20220627;000000;51.7000000;54.8000000;51.7000000;53.1000000
USDRUB;D;20220628;000000;53.1000000;54.3010000;51.9015000;53.0000000
USDRUB;D;20220629;000000;51.8000000;54.7500000;50.5850000;51.9783000
USDRUB;D;20220630;000000;51.9850000;54.8250000;51.5000000;54.1250000
USDRUB;D;20220701;000000;52.3750000;57.7500000;51.4850000;55.2500000
USDRUB;D;20220703;000000;53.9999000;53.9999000;53.9433000;53.9495000
USDRUB;D;20220704;000000;53.5000000;56.5320000;53.4500000;56.2500000
USDRUB;D;20220705;000000;54.9850000;65.2500000;54.2500000;61.7500000
USDRUB;D;20220706;000000;62.0000000;68.4500000;60.0000000;62.8000000
USDRUB;D;20220707;000000;63.1350000;64.3750000;62.1665000;63.0679000
USDRUB;D;20220708;000000;63.0703000;64.6500000;60.5025000;63.0000000
USDRUB;D;20220710;000000;64.1500000;64.9087000;64.1500000;64.9074000
USDRUB;D;20220711;000000;61.0000000;64.2500000;60.9850000;64.2500000
USDRUB;D;20220712;000000;62.0000000;62.2500000;57.5000000;58.4195000
USDRUB;D;20220713;000000;58.4184000;61.0000000;57.6250000;58.4568000
USDRUB;D;20220714;000000;58.4378000;60.2500000;57.7750000;58.2678000
USDRUB;D;20220715;000000;58.2693000;59.7000000;55.5000000;55.5000000
USDRUB;D;20220717;000000;55.5000000;55.5000000;55.5000000;55.5000000
USDRUB;D;20220718;000000;55.5000000;58.0670000;55.5000000;57.0075000
USDRUB;D;20220719;000000;56.3682000;57.2000000;54.9850000;56.4543000
USDRUB;D;20220720;000000;55.0000000;56.2500000;53.7500000;54.2500000
USDRUB;D;20220721;000000;55.0850000;58.0500000;54.2195000;58.0053000
USDRUB;D;20220722;000000;57.1235000;59.0500000;55.2015000;57.9250000
USDRUB;D;20220724;000000;57.3750000;58.1229000;57.3750000;58.0948000
USDRUB;D;20220725;000000;57.5850000;58.8000000;57.0310000;57.7500000
USDRUB;D;20220726;000000;56.5000000;60.9490000;56.5000000;60.0473000
USDRUB;D;20220727;000000;57.5000000;61.5500000;57.5000000;59.3575000
USDRUB;D;20220728;000000;59.3222000;62.3000000;59.2350000;61.7500000
USDRUB;D;20220729;000000;60.0000000;63.5500000;60.0000000;61.5000000
USDRUB;D;20220731;000000;61.5000000;62.2389000;59.8750000;61.5000000
USDRUB;D;20220801;000000;61.2850000;64.0500000;59.5000000;60.7500000
USDRUB;D;20220802;000000;61.6250000;62.1750000;57.7500000;59.3750000
USDRUB;D;20220803;000000;59.7750000;63.3750000;59.7325000;60.8600000
USDRUB;D;20220804;000000;60.5000000;61.9940000;58.9250000;61.8456000
USDRUB;D;20220805;000000;60.9250000;61.1750000;59.8670000;60.5349000
USDRUB;D;20220807;000000;60.5000000;60.5280000;60.4750000;60.5153000
USDRUB;D;20220808;000000;60.5223000;61.6750000;59.0000000;61.1250000
USDRUB;D;20220809;000000;60.2350000;61.9250000;59.3750000;60.4649000
USDRUB;D;20220810;000000;60.4675000;61.5500000;59.7250000;61.5024000
USDRUB;D;20220811;000000;60.3850000;61.8020000;59.6000000;60.6188000
USDRUB;D;20220812;000000;60.5965000;62.1500000;59.2500000;60.7500000
USDRUB;D;20220814;000000;60.7500000;61.5011000;60.7500000;61.5011000
USDRUB;D;20220815;000000;61.5500000;62.0000000;60.0000000;61.4846000
USDRUB;D;20220816;000000;60.0000000;61.6234000;59.6000000;61.4873000
USDRUB;D;20220817;000000;60.5000000;61.3000000;59.2000000;60.4716000
USDRUB;D;20220818;000000;59.2000000;60.8114000;58.6000000;59.9819000
USDRUB;D;20220819;000000;58.7500000;59.7224000;57.7500000;58.7500000
USDRUB;D;20220821;000000;58.7500000;59.4963000;58.7500000;59.4858000
USDRUB;D;20220822;000000;58.2500000;60.1750000;58.2500000;60.1236000
USDRUB;D;20220823;000000;59.5350000;60.3881000;58.0000000;59.5000000
USDRUB;D;20220824;000000;60.0000000;60.3620000;58.9500000;59.8105000
USDRUB;D;20220825;000000;59.8185000;60.6250000;59.0000000;60.1500000
USDRUB;D;20220826;000000;60.1500000;60.9250000;58.7500000;59.5500000
USDRUB;D;20220828;000000;59.5500000;60.2987000;59.5500000;60.2923000
USDRUB;D;20220829;000000;59.8750000;62.3000000;59.7495000;61.7500000
USDRUB;D;20220830;000000;60.2500000;61.3990000;59.2500000;59.9679000
USDRUB;D;20220831;000000;59.8750000;61.0200000;58.6250000;59.3750000
USDRUB;D;20220901;000000;60.2057000;60.7500000;58.1700000;59.4600000
USDRUB;D;20220902;000000;59.2500000;61.4250000;59.1700000;60.2562000
USDRUB;D;20220904;000000;60.2350000;60.8000000;59.1700000;60.2988000
USDRUB;D;20220905;000000;60.2274000;62.5330000;59.1700000;60.9478000
USDRUB;D;20220906;000000;60.5050000;61.6750000;59.9000000;61.2743000
USDRUB;D;20220907;000000;60.7500000;62.2850000;59.6850000;62.2850000
USDRUB;D;20220908;000000;61.7345000;61.7345000;59.5500000;61.4778000
USDRUB;D;20220909;000000;60.0000000;60.8750000;59.0000000;59.7800000
USDRUB;D;20220911;000000;59.7850000;60.5000000;59.7850000;60.0713000
USDRUB;D;20220912;000000;60.8000000;61.3250000;59.2000000;59.3200000
USDRUB;D;20220913;000000;60.0700000;61.7350000;58.4500000;61.7350000
USDRUB;D;20220914;000000;59.9500000;61.8600000;58.5250000;59.7118000
USDRUB;D;20220915;000000;59.7130000;60.5250000;58.8500000;59.6139000
USDRUB;D;20220916;000000;59.6187000;60.8000000;59.1250000;59.7500000
USDRUB;D;20220919;000000;60.0850000;60.9620000;59.2750000;60.0700000
USDRUB;D;20220920;000000;60.0637000;61.9250000;58.9750000;61.4148000
USDRUB;D;20220921;000000;60.6500000;62.5500000;59.8000000;61.5692000
USDRUB;D;20220922;000000;60.1000000;61.1102000;58.2500000;59.8969000
USDRUB;D;20220923;000000;58.9000000;60.2350000;55.6750000;56.8700000
USDRUB;D;20220925;000000;57.0510000;57.0510000;56.0000000;56.5000000
USDRUB;D;20220926;000000;56.9580000;58.8629000;56.0000000;58.5350000
USDRUB;D;20220927;000000;57.7850000;59.4000000;57.2750000;58.1500000
USDRUB;D;20220928;000000;57.7500000;59.1920000;56.8730000;57.9340000
USDRUB;D;20220929;000000;57.4500000;58.5250000;56.0000000;56.7500000
USDRUB;D;20220930;000000;57.2350000;61.0450000;56.7500000;59.2000000
USDRUB;D;20221002;000000;59.2000000;60.2847000;59.2000000;60.2238000
USDRUB;D;20221003;000000;60.0500000;60.0500000;57.1000000;58.0211000
USDRUB;D;20221004;000000;58.0149000;59.8750000;57.7500000;59.0165000
USDRUB;D;20221005;000000;59.0138000;61.2000000;57.9000000;60.0000000
USDRUB;D;20221006;000000;60.3250000;62.2500000;59.4450000;60.7500000
USDRUB;D;20221007;000000;60.5201000;62.4500000;60.2750000;60.9500000
USDRUB;D;20221010;000000;61.1850000;63.7951000;60.8750000;62.0000000
USDRUB;D;20221011;000000;62.4275000;65.4943000;62.4275000;65.4302000
USDRUB;D;20221012;000000;63.6000000;65.1500000;63.0000000;63.8000000
USDRUB;D;20221013;000000;64.2000000;65.2495000;62.1500000;63.9500000
USDRUB;D;20221014;000000;63.0000000;64.0750000;61.0000000;61.9000000
USDRUB;D;20221016;000000;61.1500000;61.1500000;61.1500000;61.1500000
USDRUB;D;20221017;000000;61.6500000;62.6500000;60.4750000;61.0500000
USDRUB;D;20221018;000000;60.8750000;62.3500000;60.4500000;60.5000000
USDRUB;D;20221019;000000;61.3000000;62.3500000;60.4000000;61.8500000
USDRUB;D;20221020;000000;61.0000000;62.2680000;60.3000000;61.5000000
USDRUB;D;20221021;000000;60.7500000;61.7000000;60.3750000;60.6500000
USDRUB;D;20221024;000000;61.2250000;62.3500000;60.3750000;61.0000000
USDRUB;D;20221025;000000;61.0000000;62.0500000;60.2500000;60.2500000
USDRUB;D;20221026;000000;61.0000000;62.0000000;60.3250000;61.2500000
USDRUB;D;20221027;000000;61.2500000;61.9490000;60.3000000;61.3000000
USDRUB;D;20221028;000000;61.3000000;61.8000000;60.3750000;61.5000000
USDRUB;D;20221030;000000;61.5000000;61.5000000;61.5000000;61.5000000
USDRUB;D;20221031;000000;61.5000000;62.3250000;60.0000000;61.0000000
USDRUB;D;20221101;000000;61.0500000;61.9750000;60.5500000;61.7500000
USDRUB;D;20221102;000000;61.8500000;62.1920000;60.6000000;60.7000000
USDRUB;D;20221103;000000;60.7000000;62.7000000;59.6000000;61.3500000
USDRUB;D;20221104;000000;62.0000000;62.4750000;60.7500000;61.9000000
USDRUB;D;20221106;000000;60.9500000;60.9500000;60.9500000;60.9500000
USDRUB;D;20221107;000000;62.0000000;62.2750000;60.1500000;61.4000000
USDRUB;D;20221108;000000;61.4000000;61.5000000;59.4000000;59.6000000
USDRUB;D;20221109;000000;61.0000000;61.5500000;59.9000000;61.5500000
USDRUB;D;20221110;000000;60.6500000;61.7500000;59.7500000;59.7500000
USDRUB;D;20221111;000000;59.7500000;60.8250000;58.9850000;59.5500000
USDRUB;D;20221113;000000;60.0250000;60.0250000;59.5500000;59.5500000
USDRUB;D;20221114;000000;59.5500000;61.2750000;59.0000000;60.3750000
USDRUB;D;20221115;000000;60.0000000;61.3000000;59.3800000;61.3000000
USDRUB;D;20221116;000000;60.6500000;61.3000000;59.2600000;59.7750000
USDRUB;D;20221117;000000;59.3000000;60.5500000;59.2750000;59.5250000
USDRUB;D;20221118;000000;59.4750000;60.9000000;59.3500000;59.4600000
USDRUB;D;20221120;000000;59.8500000;59.8500000;59.8500000;59.8500000
USDRUB;D;20221121;000000;59.8500000;61.3250000;59.5250000;60.5600000
USDRUB;D;20221122;000000;60.2500000;61.2500000;58.9425000;60.6500000
USDRUB;D;20221123;000000;60.6500000;60.8250000;58.9435000;59.8000000
USDRUB;D;20221124;000000;59.8000000;60.9250000;58.4125000;60.3500000
USDRUB;D;20221125;000000;60.3500000;61.1750000;58.3716000;59.7500000
USDRUB;D;20221128;000000;59.5000000;61.3750000;59.0700000;59.9600000
USDRUB;D;20221129;000000;60.1750000;61.4500000;59.4943000;60.8300000
USDRUB;D;20221130;000000;60.0250000;61.5000000;59.5850000;60.0250000
USDRUB;D;20221201;000000;59.5500000;62.2500000;59.5500000;61.2000000
USDRUB;D;20221202;000000;61.2000000;62.7470000;61.0000000;61.5750000
USDRUB;D;20221204;000000;61.5000000;61.5000000;61.5000000;61.5000000
USDRUB;D;20221205;000000;61.5000000;62.8970000;61.2500000;61.6250000
USDRUB;D;20221206;000000;61.5750000;63.5720000;61.5750000;62.4000000
USDRUB;D;20221207;000000;62.0220000;63.3720000;60.7500000;62.5470000
USDRUB;D;20221208;000000;62.0000000;63.1470000;61.3000000;62.4000000
USDRUB;D;20221209;000000;62.4000000;62.9970000;61.2500000;62.5000000
USDRUB;D;20221211;000000;62.5000000;62.5000000;62.5000000;62.5000000
USDRUB;D;20221212;000000;62.5000000;63.0720000;61.4100000;61.6600000
USDRUB;D;20221213;000000;62.2500000;63.6470000;61.6350000;63.2000000
USDRUB;D;20221214;000000;63.2000000;65.1220000;62.2000000;64.7470000
USDRUB;D;20221215;000000;63.6500000;65.0470000;63.3000000;63.6500000
USDRUB;D;20221216;000000;63.8000000;65.3970000;63.5000000;63.8750000
USDRUB;D;20221218;000000;64.0000000;64.0000000;64.0000000;64.0000000
USDRUB;D;20221219;000000;65.3500000;69.3470000;64.5750000;66.0000000
USDRUB;D;20221220;000000;67.8000000;70.6970000;67.2000000;69.2500000
USDRUB;D;20221221;000000;70.1000000;72.4220000;69.3750000;69.5000000
USDRUB;D;20221222;000000;69.5000000;72.9470000;67.0000000;67.0000000
USDRUB;D;20221223;000000;68.4800000;70.2970000;66.9000000;68.0000000
USDRUB;D;20221226;000000;67.9800000;70.0800000;67.3000000;68.3300000
USDRUB;D;20221227;000000;68.9800000;70.8470000;68.2800000;69.0000000
USDRUB;D;20221228;000000;69.4820000;72.7470000;69.4820000;71.7500000
USDRUB;D;20221229;000000;71.7300000;74.4000000;70.5750000;73.0000000
USDRUB;D;20221230;000000;72.9800000;74.9800000;70.0000000;72.0000000
USDRUB;D;20230101;000000;73.6500000;73.6500000;73.6500000;73.6500000
USDRUB;D;20230102;000000;72.4000000;73.7717000;70.0000000;71.0007000
USDRUB;D;20230103;000000;70.9966000;73.2804000;69.9902000;73.0482000
USDRUB;D;20230104;000000;73.0232000;73.4143000;70.5006000;71.4959000
USDRUB;D;20230105;000000;71.5207000;72.9720000;70.9800000;72.1470000
USDRUB;D;20230106;000000;72.1482000;73.0730000;70.8000000;71.4800000
USDRUB;D;20230108;000000;72.3607000;72.4807000;71.4800000;72.4290000
USDRUB;D;20230109;000000;72.3434000;72.4760000;68.2500000;69.8800000
USDRUB;D;20230110;000000;69.9126000;69.9339000;68.2250000;69.6736000
USDRUB;D;20230111;000000;69.6721000;70.1220000;67.2512000;68.3025000
USDRUB;D;20230112;000000;70.2979000;70.2979000;66.3500000;67.7804000
USDRUB;D;20230113;000000;67.7786000;69.2838000;66.3750000;68.9958000
USDRUB;D;20230115;000000;68.9760000;68.9760000;68.9000000;68.9760000
USDRUB;D;20230116;000000;68.9760000;68.9800000;67.0750000;68.7576000
USDRUB;D;20230117;000000;67.8000000;69.3726000;67.5000000;68.5147000
USDRUB;D;20230118;000000;68.5154000;69.6010000;67.4800000;68.7422000
USDRUB;D;20230119;000000;68.7578000;69.8760000;67.7300000;69.3940000
USDRUB;D;20230120;000000;69.4006000;69.4089000;67.2500000;69.1010000
USDRUB;D;20230122;000000;67.2300000;69.0605000;67.2300000;69.0411000
USDRUB;D;20230123;000000;68.4000000;69.4400000;67.5000000;68.7500000
USDRUB;D;20230124;000000;67.9500000;69.4579000;67.8250000;69.4476000
USDRUB;D;20230125;000000;69.4598000;69.5908000;67.9550000;69.2256000
USDRUB;D;20230126;000000;69.2330000;69.7050000;68.0500000;69.4972000
USDRUB;D;20230127;000000;69.4868000;69.9250000;68.3700000;69.7542000
USDRUB;D;20230129;000000;69.7330000;69.7500000;68.7320000;68.7320000
USDRUB;D;20230130;000000;69.6000000;70.6000000;68.3363000;69.8800000
USDRUB;D;20230131;000000;69.9124000;70.9200000;68.9500000;70.5835000
USDRUB;D;20230201;000000;70.5863000;70.6600000;68.5250000;69.9033000
USDRUB;D;20230202;000000;69.9257000;70.3480000;68.8100000;70.0780000
USDRUB;D;20230203;000000;70.1079000;71.7350000;69.2500000;70.6555000
USDRUB;D;20230205;000000;69.6300000;70.5750000;69.0300000;70.5750000
USDRUB;D;20230206;000000;70.5800000;71.5155000;69.5000000;71.4945000
USDRUB;D;20230207;000000;71.4984000;72.3486000;69.6250000;72.1489000
USDRUB;D;20230208;000000;71.0182000;73.5250000;69.0500000;72.0444000
USDRUB;D;20230209;000000;72.0386000;73.4750000;71.7500000;72.8704000
USDRUB;D;20230210;000000;72.8846000;74.1500000;71.7050000;73.0860000
USDRUB;D;20230213;000000;72.9000000;74.3260000;71.9250000;73.1750000
USDRUB;D;20230214;000000;73.2069000;74.1000000;71.9500000;73.5995000
USDRUB;D;20230215;000000;73.5981000;74.8419000;72.6000000;73.9936000
USDRUB;D;20230216;000000;73.9877000;75.1000000;73.4000000;74.7113000
USDRUB;D;20230217;000000;74.7087000;75.2750000;72.6500000;73.6381000
USDRUB;D;20230219;000000;72.6300000;72.6300000;72.3000000;72.3000000
USDRUB;D;20230220;000000;73.9800000;76.2474000;72.6250000;72.9919000
USDRUB;D;20230221;000000;72.9973000;75.6290000;72.9760000;74.6484000
USDRUB;D;20230222;000000;74.6260000;75.7110000;73.5000000;74.8974000
USDRUB;D;20230223;000000;74.8995000;75.8210000;74.1750000;75.4024000
USDRUB;D;20230224;000000;74.8760000;76.5500000;74.1000000;76.0077000
USDRUB;D;20230226;000000;75.9800000;75.9800000;75.9800000;75.9800000
USDRUB;D;20230227;000000;75.9279000;76.2800000;73.6500000;74.6446000
USDRUB;D;20230228;000000;74.6431000;75.4650000;73.8250000;75.0442000
USDRUB;D;20230301;000000;75.0439000;75.4500000;74.0250000;75.2646000
USDRUB;D;20230302;000000;75.2744000;75.8280000;74.2500000;75.5325000
USDRUB;D;20230303;000000;74.4000000;75.6906000;74.4000000;75.6906000
USDRUB;D;20230305;000000;75.6750000;75.6750000;75.6750000;75.6750000
USDRUB;D;20230306;000000;75.2280000;75.5704000;75.2280000;75.5704000
USDRUB;D;20230307;000000;75.3948000;75.9790000;74.3000000;75.5975000
USDRUB;D;20230308;000000;76.0512000;76.0512000;76.0512000;76.0512000
USDRUB;D;20230309;000000;76.0369000;76.1945000;74.7750000;75.8478000
USDRUB;D;20230310;000000;75.8438000;76.4140000;74.8500000;76.1750000
USDRUB;D;20230312;000000;75.1800000;75.1800000;75.1800000;75.1800000
USDRUB;D;20230313;000000;75.1800000;76.1750000;73.9000000;75.5467000
USDRUB;D;20230314;000000;75.5723000;75.9800000;74.1000000;75.7397000
USDRUB;D;20230315;000000;75.7539000;76.5529000;74.5250000;76.0985000
USDRUB;D;20230316;000000;76.1326000;77.6432000;75.0150000;76.4990000
USDRUB;D;20230317;000000;76.4958000;77.3238000;75.4500000;76.9438000
USDRUB;D;20230319;000000;75.9400000;75.9400000;75.9400000;75.9400000
USDRUB;D;20230320;000000;75.9400000;77.6860000;75.6250000;77.4881000
USDRUB;D;20230321;000000;77.4903000;77.5141000;75.6750000;77.2482000
USDRUB;D;20230322;000000;77.2302000;77.5097000;75.9250000;76.9254000
USDRUB;D;20230323;000000;76.9062000;77.0500000;75.0000000;75.9967000
USDRUB;D;20230324;000000;75.9960000;77.3103000;74.9750000;77.2707000
USDRUB;D;20230326;000000;76.2600000;76.2600000;76.2600000;76.2600000
USDRUB;D;20230327;000000;77.2194000;77.2356000;75.6250000;76.8500000
USDRUB;D;20230328;000000;76.0000000;77.1500000;75.5500000;76.5715000
USDRUB;D;20230329;000000;76.5439000;77.3790000;75.8500000;77.3230000
USDRUB;D;20230330;000000;77.3296000;77.3620000;76.1000000;77.2731000
USDRUB;D;20230331;000000;77.2677000;78.0010000;76.1700000;77.9760000
USDRUB;D;20230402;000000;76.9800000;76.9800000;76.9800000;76.9800000
USDRUB;D;20230403;000000;77.9271000;78.8740000;76.5250000;78.6548000
USDRUB;D;20230404;000000;78.6511000;80.1970000;77.6300000;79.2984000
USDRUB;D;20230405;000000;79.3059000;80.4610000;78.2250000;80.1949000
USDRUB;D;20230406;000000;80.2000000;81.8040000;79.1000000;81.1750000
USDRUB;D;20230407;000000;80.1800000;82.6500000;80.1000000;80.5300000
USDRUB;D;20230409;000000;80.5300000;80.5300000;80.5300000;80.5300000
USDRUB;D;20230410;000000;80.5300000;82.5250000;80.5300000;81.6300000
USDRUB;D;20230411;000000;81.6300000;82.6060000;80.3250000;81.0874000
USDRUB;D;20230412;000000;81.0918000;82.5957000;80.8000000;82.0464000
USDRUB;D;20230413;000000;82.0509000;82.3600000;80.6550000;81.6961000
USDRUB;D;20230414;000000;81.7112000;82.3250000;80.5000000;82.2773000
USDRUB;D;20230416;000000;82.2510000;82.2510000;82.2510000;82.2510000
USDRUB;D;20230417;000000;82.3510000;82.5467000;80.4750000;82.0464000
USDRUB;D;20230418;000000;82.0400000;82.0573000;80.3400000;81.7992000
USDRUB;D;20230419;000000;81.7890000;82.0854000;80.6000000;81.6964000
USDRUB;D;20230420;000000;81.6886000;81.8141000;80.2800000;81.7946000
USDRUB;D;20230421;000000;81.7988000;81.9740000;80.3250000;81.8760000
USDRUB;D;20230423;000000;81.8760000;81.8760000;81.8760000;81.8760000
USDRUB;D;20230424;000000;81.4335000;81.8760000;80.1500000;81.4771000
USDRUB;D;20230425;000000;81.4919000;81.8870000;80.2750000;81.6914000
USDRUB;D;20230426;000000;81.6945000;83.4000000;80.4750000;81.7957000
USDRUB;D;20230427;000000;81.7940000;82.0750000;80.2250000;81.8452000
USDRUB;D;20230428;000000;81.8384000;81.8548000;77.9000000;79.4300000
USDRUB;D;20230430;000000;79.9510000;79.9510000;79.9510000;79.9510000
USDRUB;D;20230501;000000;80.0193000;80.0320000;77.8750000;79.6800000
USDRUB;D;20230502;000000;79.6800000;80.5433000;78.4000000;80.1068000
USDRUB;D;20230503;000000;80.1006000;80.1195000;77.0000000;79.4982000
USDRUB;D;20230504;000000;79.4954000;79.5150000;76.8550000;78.6448000
USDRUB;D;20230505;000000;78.6523000;78.6542000;75.5550000;77.7850000
USDRUB;D;20230507;000000;76.7900000;76.7900000;76.7900000;76.7900000
USDRUB;D;20230508;000000;77.4092000;78.4546000;75.5000000;77.7224000
USDRUB;D;20230509;000000;77.7010000;78.4250000;76.3000000;77.9931000
USDRUB;D;20230510;000000;77.9899000;78.0800000;74.8738000;76.1112000
USDRUB;D;20230511;000000;76.1083000;77.8340000;74.0750000;76.9940000
USDRUB;D;20230512;000000;76.9914000;78.2230000;75.5500000;77.6739000
USDRUB;D;20230514;000000;76.6600000;76.6600000;76.6600000;76.6600000
USDRUB;D;20230515;000000;76.6600000;80.0015000;76.6600000;79.7480000
USDRUB;D;20230516;000000;79.7383000;80.8160000;78.7500000;80.4807000
USDRUB;D;20230517;000000;80.4790000;81.0500000;79.2000000;79.7477000
USDRUB;D;20230518;000000;79.7487000;80.5000000;78.8800000;80.3976000
USDRUB;D;20230519;000000;80.3902000;80.6450000;78.9250000;80.0947000
USDRUB;D;20230521;000000;80.5250000;80.5250000;80.5250000;80.5250000
USDRUB;D;20230522;000000;79.9948000;80.5250000;78.6000000;80.4968000
USDRUB;D;20230523;000000;80.5029000;80.7170000;79.0180000;80.1563000
USDRUB;D;20230524;000000;80.1481000;80.6193000;78.8100000;80.0961000
USDRUB;D;20230525;000000;80.1105000;80.3660000;78.8820000;80.0010000
USDRUB;D;20230526;000000;80.0187000;80.8022000;78.5500000;78.9945000
USDRUB;D;20230528;000000;77.9800000;77.9800000;77.9800000;77.9800000
USDRUB;D;20230529;000000;79.9800000;81.0120000;78.9800000;80.2457000
USDRUB;D;20230530;000000;80.2479000;81.4000000;75.1550000;75.1764000
USDRUB;D;20230531;000000;75.1763000;81.5674000;75.1550000;81.5487000
USDRUB;D;20230601;000000;81.5566000;81.5765000;79.8500000;80.9981000
USDRUB;D;20230602;000000;80.9878000;81.5108000;79.6000000;80.7903000
USDRUB;D;20230604;000000;80.7750000;80.7750000;80.7750000;80.7750000
USDRUB;D;20230605;000000;80.9030000;81.9480000;79.6000000;80.5934000
USDRUB;D;20230606;000000;80.5956000;81.6706000;79.6320000;81.3424000
USDRUB;D;20230607;000000;81.3377000;82.0139000;80.3680000;81.5440000
USDRUB;D;20230608;000000;81.5434000;82.8000000;80.9000000;82.0133000
USDRUB;D;20230609;000000;82.0088000;82.9513000;81.4300000;82.7213000
USDRUB;D;20230611;000000;81.7050000;81.7050000;81.7050000;81.7050000
USDRUB;D;20230612;000000;81.7050000;83.8858000;81.3500000;83.8699000
USDRUB;D;20230613;000000;83.8749000;84.2350000;82.2500000;83.9463000
USDRUB;D;20230614;000000;83.9476000;84.8903000;82.8800000;83.9935000
USDRUB;D;20230615;000000;83.9945000;84.5093000;82.3000000;83.4741000
USDRUB;D;20230616;000000;83.4702000;84.2000000;82.4550000;83.8729000
USDRUB;D;20230618;000000;82.8550000;82.8550000;82.8550000;82.8550000
USDRUB;D;20230619;000000;82.8550000;84.5086000;82.8300000;83.8446000
USDRUB;D;20230620;000000;83.8448000;84.9300000;82.8300000;83.8434000
USDRUB;D;20230621;000000;83.8498000;84.8600000;82.8500000;83.6429000
USDRUB;D;20230622;000000;83.6471000;84.0630000;80.9550000;80.9878000
USDRUB;D;20230623;000000;80.9850000;85.4996000;80.9550000;83.6402000
USDRUB;D;20230625;000000;82.6300000;82.6300000;82.6300000;82.6300000
USDRUB;D;20230626;000000;84.0000000;85.1800000;83.5000000;84.4086000
USDRUB;D;20230627;000000;84.4041000;85.5650000;83.7500000;85.3731000
USDRUB;D;20230628;000000;85.3648000;86.8510000;84.2000000;86.0051000
USDRUB;D;20230629;000000;86.0142000;87.7669000;84.9800000;86.8506000
USDRUB;D;20230630;000000;86.8640000;89.7750000;85.8400000;88.8000000
USDRUB;D;20230702;000000;88.8000000;88.8000000;88.8000000;88.8000000
USDRUB;D;20230703;000000;88.1069000;89.9220000;87.7500000;89.4958000
USDRUB;D;20230704;000000;89.4960000;91.0092000;87.5000000;90.9932000
USDRUB;D;20230705;000000;90.9947000;91.2536000;88.5600000;91.2449000
USDRUB;D;20230706;000000;91.2793000;94.4775000;89.7500000;91.2528000
USDRUB;D;20230707;000000;91.2469000;92.3840000;89.9760000;91.2350000
USDRUB;D;20230709;000000;90.2400000;90.2400000;90.2400000;90.2400000
USDRUB;D;20230710;000000;90.2400000;93.9800000;89.5300000;91.0966000
USDRUB;D;20230711;000000;91.1072000;91.1072000;89.1250000;90.4903000
USDRUB;D;20230712;000000;90.4972000;90.9550000;89.0000000;90.4984000
USDRUB;D;20230713;000000;90.5004000;91.2700000;88.8250000;90.1198000
USDRUB;D;20230714;000000;90.1314000;90.5856000;88.9750000;90.2260000
USDRUB;D;20230716;000000;90.2260000;90.2260000;90.2260000;90.2260000
USDRUB;D;20230717;000000;90.2260000;90.8700000;89.2000000;90.5998000
USDRUB;D;20230718;000000;90.6093000;91.2010000;89.3270000;90.9925000
USDRUB;D;20230719;000000;90.9867000;91.9530000;89.0000000;91.9445000
USDRUB;D;20230720;000000;91.9541000;91.9641000;89.4500000;90.1012000
USDRUB;D;20230721;000000;90.1021000;91.0948000;89.2550000;90.9760000
USDRUB;D;20230723;000000;90.9760000;90.9760000;90.5500000;90.9760000
USDRUB;D;20230724;000000;90.9760000;91.0270000;89.2500000;90.4440000
USDRUB;D;20230725;000000;90.4398000;90.6330000;88.9500000;90.1944000
USDRUB;D;20230726;000000;90.1916000;90.4130000;88.9000000;89.9979000
USDRUB;D;20230727;000000;89.9952000;90.8146000;88.8480000;90.6989000
USDRUB;D;20230728;000000;90.6961000;92.2510000;89.2680000;92.0567000
USDRUB;D;20230730;000000;92.0350000;92.0350000;92.0350000;92.0350000
USDRUB;D;20230731;000000;92.0350000;92.4930000;90.0000000;91.6459000
USDRUB;D;20230801;000000;91.6400000;92.4175000;90.5000000;92.3970000
USDRUB;D;20230802;000000;92.3901000;94.4324000;91.0750000;94.0387000
USDRUB;D;20230803;000000;94.0576000;94.7403000;92.4150000;94.4765000
USDRUB;D;20230804;000000;93.8509990;96.7649000;93.2300000;95.8620000
USDRUB;D;20230806;000000;95.8510000;95.8510000;95.8510000;95.8510000
USDRUB;D;20230807;000000;95.8510000;97.0480000;94.3750000;95.3826000
USDRUB;D;20230808;000000;95.3696000;97.3492000;94.3750000;97.2054000
USDRUB;D;20230809;000000;96.2854000;98.1260000;94.0000000;96.8701000
USDRUB;D;20230810;000000;96.8681000;97.8500000;95.4500000;97.0244000
USDRUB;D;20230811;000000;97.0152000;99.5453000;96.2000000;98.5270000
USDRUB;D;20230813;000000;98.5270000;98.5270000;98.5270000;98.5270000
USDRUB;D;20230814;000000;98.5270000;102.3550000;95.0000000;95.9800000
USDRUB;D;20230815;000000;98.4964000;99.6010000;94.5460000;97.9800000
USDRUB;D;20230816;000000;98.2258000;98.2258000;92.0000000;96.3300000
USDRUB;D;20230817;000000;94.5931000;95.6260000;91.0500000;93.8950000
USDRUB;D;20230818;000000;93.4700000;94.7260000;91.7800000;92.9800000
USDRUB;D;20230820;000000;92.9800000;92.9800000;92.9800000;92.9800000
USDRUB;D;20230821;000000;92.9800000;94.8571000;92.0000000;93.4375000
USDRUB;D;20230822;000000;93.3953000;94.6900000;92.6250000;93.2300000
USDRUB;D;20230823;000000;94.2439000;95.0000000;92.6250000;92.9800000
USDRUB;D;20230824;000000;93.9660000;95.0120000;92.9800000;94.7260000
USDRUB;D;20230825;000000;94.8968000;95.8631000;92.5509990;93.9800000
USDRUB;D;20230827;000000;93.9800000;94.9760000;93.9800000;94.9760000
USDRUB;D;20230828;000000;94.9760000;95.8843000;92.9800000;92.9800000
USDRUB;D;20230829;000000;94.4188000;96.2252000;92.9800000;95.4236000
USDRUB;D;20230830;000000;95.4263000;96.9760000;94.5000000;96.1260000
USDRUB;D;20230831;000000;96.0189000;96.7750000;94.0000000;95.8690000
